timeDeltaus,GPSspeedkph,currentSampleHz,timeus,rcCommand0,rcCommand1,rcCommand2,rcCommand3,vbatLatestV,gyroADC0,gyroADC1,gyroADC2,accSmooth0,accSmooth1,accSmooth2,motor0,motor1,motor2,motor3
170164,100.692,5.876684,1.486326e+07,-4,1,0,1897,14.422,-2,-5,-9,-1696,855,-4354,1736,1905,1950,1796
170006,173.844,5.882145,1.503343e+07,-4,1,0,1897,14.387,5,1,-7,-2060,734,-6367,1738,1932,1886,1831
170839,189.72,5.853464,1.520343e+07,-5,1,3,1897,14.413,0,8,12,-2096,528,3895,1814,1826,1747,2001
169846,191.808,5.887686,1.537427e+07,-4,1,4,1897,14.404,-7,0,6,-2064,851,2522,1751,1803,1869,1964
129912,181.08,7.697518,1.554412e+07,-4,1,5,1897,14.449,-2,-12,1,-1796,253,-2000,1798,1797,1950,1842
170026,181.08,5.881453,1.567403e+07,-4,1,5,1897,14.502,-2,-3,7,-1815,769,1210,1781,1805,1861,1940
170140,155.556,5.877513,1.584406e+07,-4,0,7,1897,14.316,-6,5,4,-1901,577,-4840,1717,1832,1892,1946
170000,151.704,5.882353,1.60142e+07,-4,0,8,1897,14.422,-5,1,-3,-1824,1153,701,1684,1878,1948,1877
560561,146.736,1.783927,1.61842e+07,-3,0,12,1897,14.342,4,1,9,-2190,703,1949,1759,1834,1844,1950
170098,143.1,5.878964,1.674476e+07,0,-4,2,1879,14.431,6,-4,0,-2166,823,3598,1717,1811,1844,1868
169954,139.248,5.883945,1.691485e+07,0,-4,0,1857,14.582,3,-6,2,-2240,763,1119,1687,1751,1771,1863
169986,134.388,5.882837,1.708481e+07,0,-7,-1,1818,14.564,13,-9,-1,-2332,225,-273,1673,1737,1656,1689
170368,129.96,5.869647,1.725479e+07,8,-22,-3,1715,15.14,11,-12,1,-2731,293,1322,1459,1492,1449,1543
170115,125.82,5.878376,1.742516e+07,10,-20,-5,1589,15.601,7,-12,-2,-3144,-223,-369,1169,1228,1223,1346
70879,122.832,14.10855,1.759528e+07,10,-16,-3,1490,15.805,8,-8,-1,-3169,-639,-3289,977,1087,1006,1121
99146,122.832,10.08614,1.766616e+07,10,-17,-3,1420,15.991,8,-10,0,-3135,-630,-3613,867,953,855,964
70955,113.904,14.09344,1.77653e+07,11,-21,-3,1347,16.071,6,-11,0,-3172,-731,-4718,687,819,725,858
169952,113.904,5.884014,1.783626e+07,22,-22,-3,1310,16.142,20,-9,-5,-3137,-764,-4656,606,831,655,711
170853,107.856,5.852985,1.800621e+07,43,-23,-3,1219,16.257,39,-15,3,-3039,-1419,-4460,514,670,415,484
90104,107.136,11.09829,2.109925e+07,93,0,-45,1400,15.885,56,2,-25,-339,-2671,5128,734,1041,1026,728
59307,107.136,16.86142,2.118935e+07,92,0,-47,1393,15.947,69,-3,-24,-462,-2545,5032,800,1006,982,688
60329,107.136,16.57578,2.124866e+07,81,0,-47,1393,15.893,56,9,-30,-558,-2469,5037,698,1129,925,726
561175,107.136,1.781975,2.130899e+07,71,0,-45,1393,15.991,46,1,-30,-495,-2456,4931,681,1085,1001,710
129953,167.616,7.69509,2.187016e+07,78,-7,-54,1407,15.92,55,-3,-37,-584,-2555,4826,778,1123,971,712
69695,195.552,14.34823,2.200012e+07,79,-14,-58,1396,15.743,53,-11,-36,-585,-2543,4327,808,1071,932,691
170830,195.552,5.853773,2.206981e+07,79,-14,-60,1396,15.929,57,-4,-38,-571,-2546,4260,830,1079,912,680
169669,230.004,5.893829,2.224064e+07,79,-7,-60,1396,15.947,45,-3,-37,-561,-2644,4438,787,999,958,752
561757,240.192,1.780129,2.241031e+07,79,-3,-57,1395,15.973,50,5,-35,-496,-2733,4350,777,1030,898,789
169764,244.26,5.89053,2.297207e+07,79,0,-52,1376,16.035,51,2,-22,-406,-2837,3855,848,895,828,772
171151,247.788,5.842794,2.314183e+07,79,-3,-55,1367,16.035,51,-4,-31,-328,-2787,3796,792,903,877,700
169743,251.028,5.891259,2.331298e+07,73,-8,-54,1363,15.964,45,-4,-20,-399,-2802,3803,824,912,732,776
169888,250.92,5.886231,2.348272e+07,67,-10,-49,1344,16.089,36,-8,-25,-366,-2724,3522,758,879,787,671
620669,252.432,1.611165,2.365261e+07,67,-10,-50,1336,15.982,45,-8,-24,-312,-2513,3326,749,847,767,669
180699,251.604,5.534065,2.427328e+07,67,0,-63,1321,16.071,40,-5,-34,-340,-2486,3098,717,833,765,603
169990,233.46,5.882699,2.445398e+07,69,0,-65,1321,16.08,46,-1,-40,-299,-2458,3086,688,921,748,564
170606,218.448,5.861459,2.462397e+07,70,0,-64,1321,16.239,46,-2,-33,-321,-2425,3155,718,849,720,633
560464,205.344,1.784236,2.479458e+07,61,0,-57,1330,16.204,38,-1,-27,-238,-2440,3290,774,832,727,659
169764,193.14,5.89053,2.535504e+07,70,4,-57,1326,16.106,54,6,-37,-172,-2393,3192,715,901,736,606
170870,183.24,5.852402,2.552480e+07,69,4,-57,1326,16.08,41,5,-28,-173,-2438,3248,722,830,682,725
109633,174.96,9.121341,2.569568e+07,67,3,-60,1323,16.08,37,-1,-29,-172,-2451,3213,757,769,705,702
60271,166.644,16.59173,2.580531e+07,67,3,-61,1321,16.124,41,3,-33,-621,-2380,3218,730,779,733,677
559749,166.644,1.786515,2.586558e+07,67,3,-61,1321,16.213,36,-1,-30,-172,-2422,3175,740,772,704,704
170716,159.516,5.857682,2.642533e+07,82,10,-63,1321,16.106,50,7,-28,-139,-2400,3243,744,783,639,754
259954,146.52,3.846834,2.659604e+07,85,12,-63,1321,16.035,54,11,-29,-67,-2307,3286,721,774,652,772
560486,141.732,1.784166,2.6856e+07,93,13,-61,1321,16.053,65,12,-28,-3,-2246,3374,738,779,649,754
169833,127.404,5.888137,2.741648e+07,88,3,-61,1321,16.213,64,12,-30,3,-2080,3517,746,801,650,722
169983,122.76,5.882941,2.758632e+07,89,4,-63,1321,16.151,57,11,-34,46,-1970,3538,673,786,728,732
240501,118.404,4.157987,2.77563e+07,95,7,-63,1320,16.053,62,11,-35,40,-2095,3577,675,808,712,710
561141,113.616,1.782083,2.79968e+07,102,14,-63,1307,16.115,68,7,-38,171,-1977,3370,654,782,739,636
169550,104.508,5.897965,2.855794e+07,105,15,-61,1305,16.142,62,11,-33,-256,-1534,3486,637,755,741,663
169898,101.232,5.885884,2.872749e+07,98,10,-60,1305,16.195,71,12,-39,299,-1930,3512,583,857,744,611
230145,100.08,4.345087,2.979954e+07,106,1,-60,1297,16.168,61,-11,-32,-74,-1512,3318,616,774,789,555
129102,101.772,7.745813,3.002969e+07,106,1,-58,1296,16.124,80,3,-33,-156,-1512,3439,591,835,753,546
170806,101.772,5.854595,3.015879e+07,106,1,-61,1296,16.204,75,8,-37,-194,-1563,3554,542,852,776,556
169742,125.712,5.891294,3.03296e+07,110,4,-61,1296,16.124,61,-11,-28,-150,-1529,3498,621,711,816,578
170890,144.036,5.851717,3.049934e+07,94,21,-44,1322,16.133,61,19,-21,-418,-1758,3877,625,837,817,651
379916,161.64,2.632161,3.067023e+07,55,22,-23,1351,16.018,21,9,-11,-330,-1595,4212,657,913,897,704
170766,180.396,5.855967,3.105014e+07,45,-22,-50,1391,15.867,39,-8,-30,-720,-1683,4879,818,1045,892,708
169936,225.792,5.884568,3.122091e+07,43,-25,-55,1406,15.938,38,-4,-30,-537,-1931,4999,824,1085,891,779
180079,231.048,5.553118,3.139085e+07,58,-29,-58,1424,15.769,36,-22,-36,-772,-1994,5081,830,1078,1051,762
170956,233.424,5.849458,3.157092e+07,83,-3,-61,1435,15.831,62,0,-36,-816,-2245,5122,930,1196,919,761
169831,234.72,5.888207,3.174188e+07,105,0,-61,1436,15.858,56,-11,-37,-714,-2588,5062,888,1054,1085,784
169940,235.656,5.88443,3.191171e+07,116,1,-61,1438,15.982,76,-8,-30,-640,-2957,4974,976,1076,971,807
560579,236.304,1.78387,3.208165e+07,109,4,-55,1450,15.876,74,-5,-23,-507,-3354,5166,1024,1126,925,846
209919,234.936,4.763742,3.264223e+07,67,43,-58,1402,15.911,42,31,-35,-83,-3414,4365,875,1033,839,786
171062,234.936,5.845834,3.285215e+07,58,57,-55,1364,15.938,43,34,-34,234,-3103,3598,843,910,787,698
169964,230.58,5.883599,3.302321e+07,8,57,-35,1341,15.929,-3,32,-22,408,-2624,2654,772,804,770,721
560616,231.372,1.783752,3.319318e+07,5,54,-26,1321,16.08,6,34,-11,505,-2362,2166,800,756,652,709
280153,230.904,3.569478,3.375379e+07,1,-10,-1,1450,15.769,-9,-12,-4,38,-1775,3155,931,1000,1038,968
169737,230.904,5.891467,3.403394e+07,1,-17,-1,1501,15.814,-1,-14,-1,-611,-1543,3389,1066,1135,1086,1048
550331,163.62,1.817088,3.420368e+07,1,-15,-3,1593,15.379,5,-4,-2,-966,-1306,4498,1253,1386,1194,1232
261226,149.58,3.828103,3.475401e+07,1,0,-3,1895,14.147,1,-2,-8,-1850,-985,-778,1771,1924,1911,1769
170523,137.052,5.864312,3.501524e+07,0,-7,-3,1897,14.236,2,-8,-5,-2170,-722,599,1769,1916,1895,1811
250124,119.34,3.998017,3.518576e+07,0,-7,-3,1897,14.183,-7,3,18,-2369,-688,-4391,1818,1698,1689,2047
260767,113.508,3.834841,3.543589e+07,0,-13,-3,1897,14.271,2,-5,11,-2645,-408,-5631,1832,1774,1765,2017
169317,105.984,5.906081,3.569665e+07,-1,-23,-3,1897,14.165,7,-7,-1,-3609,-122,5269,1809,1916,1778,1883
560783,100.62,1.783221,3.586597e+07,-1,-3,-3,1897,14.254,7,-4,1,-3528,-1349,-2025,1854,1858,1786,1889
170975,126.864,5.848808,4.462563e+07,-58,-38,0,1328,16.284,-32,-25,-3,-2266,3145,1977,696,670,807,807
179971,145.44,5.556451,4.479661e+07,-60,-40,5,1354,16.239,-35,-28,4,-2389,3018,2585,752,724,841,875
119667,162.144,8.356523,4.497658e+07,-60,-38,10,1361,16.301,-38,-24,1,-2531,2906,2971,725,840,868,797
560274,162.144,1.784841,4.509625e+07,-58,-29,30,1361,16.186,-36,-22,15,-2511,2868,3173,775,820,883,752
170966,208.8,5.849116,4.565652e+07,-51,0,41,1364,16.301,-32,-5,21,-2156,3005,3156,781,722,892,859
169719,222.192,5.892092,4.582749e+07,-48,0,39,1366,16.39,-26,1,16,-2020,2942,3134,770,774,876,849
110417,233.136,9.056576,4.599721e+07,-8,0,36,1366,16.31,-5,-1,18,-1912,2883,3057,742,716,874,936
130205,241.2,7.680197,4.610762e+07,-5,0,32,1345,16.292,-9,2,13,-1771,2580,2677,687,692,843,875
560292,241.2,1.784784,4.623783e+07,-4,3,29,1336,16.248,-7,2,16,-1745,2436,2217,698,643,818,874
169954,250.776,5.883945,4.679812e+07,-16,41,17,1350,16.328,-10,26,7,-1171,1770,1740,682,711,856,901
320299,252.072,3.122083,4.696807e+07,-22,26,1,1379,16.328,-15,15,-5,-1043,1638,2000,739,794,968,871
560733,252.72,1.78338,4.728837e+07,-18,2,0,1420,16.142,-13,7,4,-996,1690,2356,839,874,953,1026
170657,252.864,5.859707,4.784911e+07,-4,4,20,1512,15.956,-1,7,14,-1478,1453,2772,1024,1066,1127,1188
169687,252.036,5.893203,4.801976e+07,-5,3,20,1542,15.991,-2,1,19,-1553,1404,2867,1173,1054,1176,1237
621704,251.172,1.608482,4.818945e+07,-5,1,17,1577,15.698,-8,-6,14,-1578,1185,2982,1172,1084,1325,1338
59365,251.172,16.84494,4.881115e+07,-4,16,0,1844,14.316,4,14,3,-1954,1151,4295,1698,1727,1768,1804
60521,251.172,16.52319,4.887052e+07,-4,19,0,1871,14.369,-6,9,-2,-1969,1163,2875,1715,1728,1936,1833
170139,251.172,5.877547,4.893104e+07,-4,21,0,1901,14.174,-1,15,5,-1809,1328,4683,1822,1787,1902,1921
170278,175.788,5.872749,4.910118e+07,-4,22,0,1929,14.014,-1,15,1,-1442,1286,2741,1826,1840,2022,1960
170307,160.812,5.871749,4.927146e+07,-4,20,0,1929,14.271,2,15,5,-700,691,1624,1868,1877,1938,1968
580347,147.024,1.723107,4.944176e+07,-4,17,0,1929,14.555,-2,11,3,-514,993,2011,1858,1858,2006,1940
171019,135.972,5.847304,5.002211e+07,-4,-14,1,1929,14.174,-4,-9,1,-2519,1252,1286,1806,1835,2007,1998
170068,128.124,5.880001,5.019313e+07,-4,-2,1,1929,14.493,1,1,12,-2654,701,218,1932,1815,1868,2047
170257,122.04,5.873474,5.03632e+07,-4,0,3,1929,14.156,17,6,5,-2523,861,74,1892,1919,1896,1975
660166,118.008,1.514771,5.053346e+07,-4,0,3,1929,14.129,-7,-4,-2,-2157,512,376,1756,1818,2047,1922
170151,114.624,5.877133,5.119362e+07,-4,-13,0,1878,14.369,17,2,1,-2599,1366,-2785,1790,1861,1765,1824
170045,107.964,5.880796,5.136377e+07,-4,-13,0,1776,14.812,-2,-14,3,-2838,857,-1995,1590,1477,1702,1650
170152,103.86,5.877098,5.153382e+07,-4,-13,-1,1674,15.264,0,-4,2,-2989,1235,-1946,1302,1324,1463,1537
169962,100.26,5.883668,5.170397e+07,-5,-13,0,1601,15.495,-3,-12,1,-3274,1658,-2565,1197,1111,1430,1344
190064,103.788,5.261386,5.488734e+07,-68,-33,58,1250,16.248,-45,-20,33,-1526,2595,2074,600,497,557,711
580455,103.788,1.722786,5.50774e+07,-85,-32,77,1242,16.168,-51,-15,41,-1255,2350,2204,594,507,515,691
170603,127.62,5.861562,5.565785e+07,-98,-25,93,1254,16.204,-64,-14,49,-462,1638,2930,616,502,564,720
320460,136.944,3.120514,5.582846e+07,-87,-20,93,1263,16.239,-61,-17,51,-279,1409,3091,660,492,589,735
170889,146.268,5.851752,5.614892e+07,-65,-12,96,1322,16.168,-47,-11,45,-151,1355,3959,678,612,822,826
169944,192.6,5.884291,5.631981e+07,-45,-5,89,1359,16.009,-22,-6,51,-187,1172,4597,838,684,731,975
169624,206.784,5.895392,5.648975e+07,-38,-5,77,1378,16,-26,0,28,-376,1434,4901,775,777,910,893
320550,216.108,3.119638,5.665937e+07,-51,-1,80,1329,16.142,-35,-1,41,-414,1204,4073,735,634,777,829
170540,221.976,5.863727,5.697992e+07,-63,0,77,1312,16.195,-45,1,42,-376,1073,3557,700,634,722,792
169832,231.408,5.888172,5.715046e+07,-64,1,64,1303,16.301,-42,-1,35,-351,1121,3291,703,606,706,765
169883,232.38,5.886404,5.73203e+07,-65,4,55,1303,16.195,-42,6,33,-351,1180,3217,681,601,686,812
341309,233.46,2.929896,5.749018e+07,-65,9,40,1303,16.213,-41,4,19,-367,1076,3127,663,618,736,762
179822,234.072,5.561055,5.783149e+07,-57,8,38,1324,16.133,-35,7,24,-507,1466,3301,751,645,705,848
169728,229.824,5.89178,5.801131e+07,-51,4,35,1330,16.133,-29,3,13,-625,1525,3456,732,705,778,774
169992,219.384,5.88263,5.818104e+07,-50,1,36,1330,16.159,-31,-1,21,-635,1519,3322,762,657,750,820
701282,205.56,1.42596,5.835103e+07,-48,1,36,1330,16.177,-31,-2,14,-637,1609,3123,697,696,805,791
169532,192.888,5.898591,5.905231e+07,-54,-7,49,1312,16.177,-32,-10,27,-894,2028,2469,737,543,727,842
170977,151.344,5.84874,5.922184e+07,-57,-3,51,1310,16.248,-34,-6,31,-908,2213,2432,779,489,709,857
630768,136.908,1.585369,5.939282e+07,-58,0,51,1312,16.213,-34,-2,31,-880,2443,2476,776,524,677,878
169761,126.828,5.890634,6.002359e+07,-58,0,55,1315,16.071,-34,0,32,-659,2843,2573,762,525,664,922
170836,103.5,5.853567,6.019335e+07,-66,0,58,1314,16.177,-43,1,24,-514,2893,2599,682,589,747,843
239423,104.292,4.176708,7.038445e+07,-58,-13,27,1227,16.062,-33,-6,14,-1650,2471,944,484,510,578,619
120747,118.764,8.281779,7.062388e+07,-58,-12,27,1227,16.08,-37,-7,16,-1612,2467,1109,489,471,587,644
169885,118.764,5.886335,7.074462e+07,-58,-12,27,1227,16.097,-32,-9,14,-1633,2417,1173,508,489,592,602
170980,195.516,5.848637,7.091451e+07,-57,-10,27,1227,16.062,-34,-8,14,-1652,2375,1304,516,497,600,577
229452,213.48,4.35821,7.108549e+07,-55,-7,27,1227,16.106,-34,-6,16,-1638,2277,1394,514,501,580,596
180162,224.784,5.55056,7.131494e+07,-54,-7,27,1228,16.08,-38,-4,14,-1544,2201,1573,502,503,586,608
170153,238.248,5.877064,7.14951e+07,-52,-7,33,1240,16.213,-29,-5,19,-1594,2211,1718,576,536,562,622
170855,240.156,5.852916,7.166526e+07,-51,-7,33,1250,16.151,-34,-2,17,-1537,2126,1867,538,554,618,659
570424,242.568,1.753082,7.183611e+07,-51,-7,33,1258,16.08,-32,-5,21,-1550,2103,2078,624,543,579,684
170391,244.764,5.868855,7.240654e+07,-38,-4,10,1304,15.956,-22,-2,1,-1436,2252,2816,690,649,686,763
170668,246.096,5.859329,7.257693e+07,-35,-5,12,1316,15.947,-25,-4,1,-1500,2236,2935,688,659,764,773
169854,246.996,5.887409,7.274759e+07,-4,-17,18,1333,15.973,-3,-8,14,-1458,1753,2999,736,655,721,906
169868,247.032,5.886924,7.291745e+07,-3,-18,23,1357,15.867,-4,-16,7,-1731,2085,3521,740,755,888,820
661601,246.78,1.511485,7.308732e+07,-3,-18,20,1366,15.769,-3,-16,17,-1779,1894,3748,806,703,844,917
170079,246.096,5.879621,7.374892e+07,-38,0,14,1353,15.973,-27,-1,13,-1969,1854,2504,799,613,798,958
179756,228.564,5.563097,7.3919e+07,-36,0,12,1344,15.867,-26,2,8,-1899,1949,2367,728,638,770,948
170200,216.216,5.875441,7.409875e+07,-32,0,10,1330,15.876,-18,-2,1,-1820,2017,1961,699,667,784,838
150426,201.924,6.647787,7.426895e+07,-32,0,13,1324,15.964,-19,-3,8,-1808,1901,1886,716,589,764,870
119440,201.924,8.372405,7.441938e+07,-32,0,16,1310,15.991,-24,-2,12,-1834,1817,1604,666,536,747,885
170010,201.924,5.882007,7.453882e+07,-42,0,16,1296,16.009,-26,-2,10,-1750,1982,1539,656,527,699,828
170891,139.68,5.851683,7.470883e+07,-52,0,30,1266,16.151,-36,-2,17,-1631,2019,1173,576,442,668,799
199268,128.556,5.018367,7.487972e+07,-57,0,39,1242,16.035,-31,3,17,-1548,1948,932,514,538,602,651
120679,119.484,8.286446,7.507899e+07,-65,0,42,1212,16.106,-44,0,23,-1430,2114,704,453,430,578,612
170289,119.484,5.87237,7.519967e+07,-68,0,39,1204,16.115,-44,1,23,-1339,2185,737,436,404,548,623
169754,102.636,5.890877,7.536996e+07,-63,0,32,1177,16.133,-41,1,18,-1197,2072,671,397,382,460,559
200526,117,4.986884,5.933011e+07,-58,-1,51,1312,16.186,-33,-2,35,-906,2278,2440,785,493,664,908
199468,148.572,5.013335,5.953064e+07,-58,-2,53,1315,16.354,-35,-1,27,-1011,2704,2447,754,535,718,866
201347,176.616,4.96655,5.973011e+07,-58,-3,54,1315,16.115,-35,-5,32,-865,2795,2489,772,464,736,901
230145,195.48,4.345087,5.993145e+07,-58,-1,54,1315,16.089,-36,0,28,-809,2830,2595,737,519,707,910
169988,208.62,5.882768,6.01616e+07,-65,0,58,1315,16.248,-38,-2,35,-558,2955,2646,771,504,691,906
200550,208.62,4.986288,6.033159e+07,-71,0,60,1315,16.133,-41,2,37,-508,2980,2665,781,560,638,896
200195,222.228,4.99513,6.053214e+07,-75,0,62,1315,16.186,-47,3,32,-415,2880,2820,688,596,709,880
200250,225.54,4.993758,6.073233e+07,-77,1,63,1315,16.248,-50,2,30,-259,2711,2925,678,624,760,812
230349,226.188,4.341239,6.093258e+07,-77,4,67,1315,16.301,-49,7,42,-304,2603,3079,712,637,651,874
170085,226.188,5.879413,6.116293e+07,-83,4,67,1315,16.248,-52,2,38,5,2608,3298,723,631,697,823
199367,191.304,5.015875,6.133302e+07,-85,1,66,1314,16.204,-55,3,34,-175,2494,3290,664,683,715,800
200426,171.612,4.989373,6.153238e+07,-86,3,69,1314,16.221,-57,1,39,-106,2445,3322,687,664,717,796
200215,154.332,4.994631,6.173281e+07,-92,3,73,1315,16.186,-56,-3,42,119,2480,3557,712,678,691,792
231112,140.148,4.326906,6.193302e+07,-95,3,76,1318,16.159,-59,2,37,108,2225,3548,665,728,764,742
169795,130.536,5.889455,6.216414e+07,-93,3,78,1340,16.124,-72,4,45,379,2006,3777,687,688,846,860
191288,119.124,5.227719,6.233393e+07,-65,16,79,1356,16.159,-48,6,48,273,2093,4378,775,693,840,884
200537,119.124,4.986611,6.252522e+07,-20,43,62,1326,16.221,-17,25,28,200,1764,3881,624,741,836,751
200311,108.324,4.992237,6.272576e+07,-4,61,3,1318,16.177,-3,39,2,89,1609,3394,678,708,757,753
190617,110.7,5.246122,6.532801e+07,0,0,7,1929,14.094,-4,-7,-3,-2195,1240,1090,1718,1800,2047,1858
9161,110.7,109.1584,6.551863e+07,0,0,5,1929,13.952,-2,-1,-1,-2022,627,-1747,1764,1844,2030,1912
201646,124.272,4.959186,6.552779e+07,0,0,5,1929,13.952,-2,-6,1,-2187,582,-1139,1835,1858,2042,1922
199581,141.876,5.010497,6.572944e+07,0,0,7,1929,14.369,-8,0,-2,-2018,-119,201,1737,1870,2047,1901
230055,169.128,4.346787,6.592902e+07,0,0,5,1929,13.943,13,-1,3,-1885,-553,-308,1873,1931,1945,1895
169831,169.128,5.888207,6.615907e+07,0,0,7,1929,13.996,8,4,4,-1896,128,1898,1828,1914,1959,1937
199674,213.588,5.008163,6.63289e+07,0,0,7,1929,13.996,-1,-1,8,-2017,127,-1555,1849,1826,1975,1990
200803,224.388,4.980005,6.652858e+07,0,0,7,1929,14.192,-3,-1,2,-1766,-23,-162,1771,1836,2047,1939
200730,232.056,4.981816,6.672938e+07,0,0,7,1929,13.943,8,2,-2,-2079,116,1478,1802,1937,2033,1888
229566,237.672,4.356046,6.693011e+07,0,0,4,1914,13.926,4,7,0,-2025,179,-1462,1760,1853,1967,1922
171162,242.28,5.842418,6.715968e+07,-1,0,-5,1734,14.839,2,2,-2,-2185,429,-2203,1427,1475,1607,1592
199561,245.052,5.010999,6.733084e+07,-3,0,-4,1650,15.131,-4,-5,-1,-2226,665,-1380,1281,1260,1493,1411
200524,246.204,4.986934,6.75304e+07,-3,0,-3,1550,15.53,-2,-5,-4,-2187,99,-2865,1078,1128,1281,1190
200614,244.98,4.984697,6.773092e+07,-4,0,-1,1405,15.805,0,2,3,-2045,462,-4151,808,833,914,973
229733,244.908,4.352879,6.793154e+07,-29,0,-1,1255,16.044,-29,4,-4,-1785,372,-5395,441,573,706,663
170974,244.908,5.848843,6.816127e+07,-45,0,0,1210,16.018,-29,-8,1,-1856,2493,-3858,362,265,723,708
199629,239.544,5.009292,6.833224e+07,-47,1,0,1205,16.035,-33,0,1,-1605,2641,-3271,320,258,704,735
201385,227.7,4.965613,6.853187e+07,-47,1,0,1195,16.035,-31,-1,5,-1657,2894,-2535,348,245,627,721
199413,211.968,5.014718,6.873326e+07,-48,0,3,1187,16.089,-29,0,2,-1484,2781,-1736,322,197,660,702
230334,192.96,4.341521,6.893267e+07,-51,1,3,1186,16.026,-32,0,4,-1601,2939,-1029,396,107,670,789
160836,174.312,6.217513,6.916300e+07,-52,1,1,1186,15.973,-26,4,2,-1631,2645,-603,445,140,565,767
200470,174.312,4.988278,6.932384e+07,-52,1,0,1186,16.026,-28,4,1,-1615,2688,-250,459,139,566,818
209729,161.172,4.768058,6.952431e+07,-54,0,1,1207,15.964,-31,1,-1,-1673,2516,27,509,180,573,794
191058,144.612,5.234013,6.973404e+07,-54,0,9,1218,16.071,-28,7,0,-1723,2278,92,460,439,537,685
239395,144.612,4.177197,6.99251e+07,-58,-16,17,1221,16.044,-43,-14,9,-1638,2248,315,463,430,601,651
160722,124.344,6.221924,7.016449e+07,-58,-16,25,1226,16.035,-33,-9,14,-1631,2490,675,473,476,598,639
199440,124.344,5.014039,7.032522e+07,-58,-13,26,1227,16.097,-32,-7,14,-1636,2505,876,476,487,588,640
201449,116.172,4.964036,7.052466e+07,-58,-13,27,1227,16.08,-37,-7,13,-1783,2281,975,458,488,609,636
199695,109.044,5.007637,7.07261e+07,-58,-12,27,1227,16.097,-30,-9,14,-1642,2413,1185,510,499,579,603
240543,103.356,4.157261,7.09258e+07,-57,-10,27,1227,16,-35,-6,14,-1673,2370,1314,494,503,591,602
199828,129.132,5.004304,8.07262e+07,100,-17,-52,1287,15.956,62,-10,-30,-1652,-2269,2508,628,722,677,631
229508,129.132,4.357147,8.092603e+07,125,-30,-75,1330,15.885,76,-22,-43,-1593,-2639,3517,628,869,850,644
170718,148.032,5.857613,8.115554e+07,131,-39,-89,1392,15.867,96,-17,-61,-1507,-2733,4937,636,1189,1005,657
200035,163.296,4.999125,8.132625e+07,131,-40,-101,1434,15.557,85,-12,-49,-1216,-2862,6063,774,1099,1015,918
199707,185.292,5.007336,8.152629e+07,136,-38,-108,1456,15.592,73,-30,-69,-899,-2931,6378,703,1146,1225,894
200218,203.292,4.994556,8.1726e+07,146,-15,-108,1449,15.574,79,-13,-62,-438,-2801,5921,769,1087,1093,939
240293,214.056,4.161586,8.192621e+07,154,8,-106,1366,15.787,101,2,-55,-219,-2409,4707,682,949,928,708
159854,226.62,6.255708,8.216651e+07,153,4,-101,1392,15.893,110,-6,-47,-30,-2134,5207,878,934,875,785
200721,226.62,4.98204,8.232636e+07,153,1,-104,1407,15.654,106,2,-54,31,-1957,5760,928,1014,849,797
200024,232.812,4.9994,8.252708e+07,153,1,-102,1380,15.761,102,4,-67,51,-1676,5282,732,979,939,725
199928,232.812,5.001801,8.272711e+07,145,1,-82,1349,15.92,93,-2,-43,74,-1323,4781,698,849,813,759
231226,234.72,4.324773,8.292703e+07,101,-20,-58,1321,15.991,61,-12,-29,-104,-871,4246,688,836,712,679
170298,234.72,5.87206,8.315826e+07,92,-29,-63,1303,15.858,60,-23,-33,-74,-881,3556,661,788,718,613
199697,234.036,5.007586,8.332856e+07,41,-33,-42,1287,15.911,24,-18,-27,-204,-802,3345,591,809,729,521
199791,231.66,5.00523,8.352826e+07,29,-14,-26,1266,16.009,10,-14,-15,-345,-665,2863,562,675,722,534
189866,228.348,5.266872,8.372805e+07,69,-20,-41,1296,15.956,44,-13,-22,-500,-643,3317,649,741,719,616
11143,228.348,89.74244,8.391791e+07,79,-13,-35,1287,15.938,50,-7,-18,-507,-798,3202,626,754,681,594
229304,221.904,4.361023,8.392906e+07,79,-12,-35,1287,15.92,49,-5,-19,-526,-822,3179,616,743,716,581
170094,221.904,5.879102,8.415836e+07,65,-29,-22,1296,15.938,38,-20,-15,-663,-943,3329,605,749,778,593
200594,198.036,4.985194,8.432845e+07,65,-16,-29,1291,15.92,42,-9,-13,-734,-840,3237,633,711,694,647
200470,198.036,4.988278,8.452905e+07,112,0,-85,1276,16,78,3,-50,-740,-898,2913,593,733,669,575
199586,185.22,5.010371,8.472952e+07,130,0,-96,1267,15.982,84,0,-52,-674,-1080,2768,569,690,687,553
230433,162.9,4.339656,8.49291e+07,131,-14,-104,1266,16.009,90,-10,-58,-611,-1195,2875,538,740,701,514
169856,162.9,5.88734,8.515954e+07,135,-47,-137,1287,15.947,77,-32,-78,-356,-1132,3234,601,706,746,604
200508,151.812,4.987332,8.532939e+07,175,-58,-152,1315,15.831,116,-42,-90,-195,-1267,3649,648,723,851,658
200494,142.056,4.98768,8.55299e+07,212,-45,-162,1336,15.778,151,-26,-100,-113,-1299,4393,638,865,892,643
200094,133.092,4.997651,8.573039e+07,211,-35,-158,1389,15.893,145,-40,-88,36,-1168,5281,877,941,898,737
230608,118.908,4.336363,8.593049e+07,180,-42,-131,1359,15.787,116,-32,-76,17,-603,4715,743,914,836,720
170270,118.908,5.873025,8.61611e+07,166,-45,-123,1321,15.831,107,-39,-66,-24,-471,4006,732,754,727,702
199886,107.892,5.002852,8.633137e+07,160,-38,-129,1283,15.938,109,-27,-74,-111,-320,3291,647,724,642,608
200725,103.32,4.98194,8.653125e+07,156,-31,-129,1275,15.947,108,-18,-72,-155,-295,3049,644,672,626,625
199890,103.32,5.002752,8.673198e+07,166,-66,-130,1300,15.902,117,-43,-73,-208,-350,3218,704,741,656,673
181642,193.14,5.505335,0,-1,1,0,1000,18.526,0,0,0,-58,-96,2032,121,112,114,120
200345,193.14,4.99139,181642,-1,1,-1,1000,18.509,0,0,0,-54,-85,2036,119,110,110,109
210441,173.304,4.751926,381987,-1,0,-1,1000,18.553,0,0,0,-76,-88,2039,121,112,108,112
190235,142.704,5.256656,592428,-1,0,-1,1000,18.526,-1,1,-1,-59,-94,2038,107,120,114,118
240635,142.704,4.155671,782663,-1,0,-1,1000,18.438,-1,0,-1,-62,-89,2040,111,117,116,113
170080,122.652,5.879586,1023298,-1,0,-1,1000,18.579,0,0,0,-62,-88,2041,119,118,119,124
190016,113.76,5.262715,1193378,-1,0,-1,1000,18.535,0,0,0,-63,-90,2042,122,117,117,124
199477,113.76,5.013109,1383394,-1,0,-1,1000,18.544,0,0,1,-61,-90,2042,132,116,107,128
200457,107.28,4.988601,1582871,-1,1,-1,1000,18.509,0,0,1,-59,-97,2033,129,111,111,128
230170,101.736,4.344615,1783328,-1,1,-1,1000,18.5,-1,0,0,-63,-86,2041,121,109,121,123
170612,101.736,5.861252,2013498,-1,0,-1,1000,18.526,0,0,0,-65,-94,2043,130,110,108,112
199787,100.62,5.005331,2184110,0,0,-1,1000,18.509,-1,0,0,-67,-93,2041,116,109,116,124
200770,100.26,4.980824,2383897,0,1,-1,1007,18.579,-1,0,0,-60,-91,2041,130,123,123,135
199688,100.44,5.007812,2584667,0,10,-1,1126,18.446,-2,4,-1,-137,-149,2063,332,349,369,381
230925,100.62,4.33041,2784355,0,33,-1,1212,18.269,-7,19,-1,-18,-36,2559,484,518,564,524
169800,100.62,5.889282,3015280,1,15,16,1242,18.278,-4,13,9,-38,-169,3142,529,601,614,563
200372,105.372,4.990717,3185080,4,4,22,1254,18.243,10,12,10,2,140,3361,562,668,602,568
199461,108.9,5.013511,3385452,23,16,25,1236,18.305,11,6,14,11,-14,2953,531,580,606,542
200684,111.6,4.982958,3584913,47,26,32,1208,18.305,34,22,17,-79,-115,2652,475,551,517,492
229899,114.948,4.349736,3785597,10,42,22,1194,18.331,11,26,14,-81,-54,2217,472,489,493,481
170729,114.948,5.857236,4015496,0,26,-1,1194,18.305,-6,11,-2,-103,-38,2178,442,484,532,477
199497,109.656,5.012607,4186225,-2,51,0,1185,18.358,-3,33,-1,-123,-43,2088,429,488,490,459
200677,106.704,4.983132,4385722,-54,1,42,1165,18.331,-49,-12,24,-164,-2,1803,393,400,500,417
199931,104.832,5.001726,4586399,-93,1,65,1160,18.349,-68,-4,35,-204,131,1757,365,409,470,426
230044,104.796,4.346994,4786330,-90,1,76,1156,18.393,-64,-5,41,-176,173,1644,373,392,467,408
169942,104.796,5.884361,5016374,-52,0,112,1150,18.376,-39,-3,64,-223,350,1574,372,372,438,411
200808,111.24,4.979881,5186316,-47,0,115,1173,18.349,-32,-2,66,-237,376,1709,439,413,456,470
201561,121.356,4.961277,5387124,-27,0,83,1201,18.243,-20,2,45,-246,469,2245,485,465,507,534
199675,131.004,5.008138,5588685,-3,1,58,1242,18.172,-6,-3,34,-230,658,2682,583,524,594,628
230354,143.1,4.341144,5788360,47,30,52,1271,18.154,37,27,26,-305,581,3513,596,656,631,650
169881,160.416,5.886473,6018714,1,13,40,1307,17.888,3,13,25,-316,489,3950,683,691,696,747
200431,182.088,4.989248,6188595,0,42,3,1326,17.915,-6,22,4,-313,324,4091,727,688,763,781
200614,197.892,4.984697,6389026,0,61,-1,1291,18.127,1,41,-6,-96,558,3179,604,690,745,647
199093,208.152,5.022778,6589640,0,75,-3,1282,18.101,-8,46,2,-287,366,2708,627,601,691,698
230387,215.46,4.340523,6788733,-3,1,-4,1284,18.243,-9,-4,1,-78,483,2383,632,609,698,694
170014,220.284,5.881869,7019120,-3,1,-12,1332,17.897,3,4,2,-455,704,3061,777,692,757,793
200507,224.496,4.987357,7189134,0,23,-4,1390,17.72,-9,5,0,-510,592,3618,862,812,937,874
199944,226.188,5.0014,7389641,0,1,-1,1521,17.303,9,7,-6,-635,524,6166,1145,1226,1087,1038
189892,227.592,5.266151,7589585,-1,1,0,1723,15.796,-16,-11,7,-969,958,9100,1532,1418,1553,1568
240736,227.592,4.153928,7779477,-3,1,0,1780,15.867,8,-18,10,-1273,949,7853,1798,1532,1634,1528
159770,229.392,6.258997,8020213,-3,1,-1,1872,14.901,-10,6,-10,-1201,923,7906,1566,1758,1994,1891
200756,229.392,4.981171,8179983,-5,3,-1,1929,14.404,-5,-6,-10,-1415,1225,4449,1719,1796,2047,1812
209452,230.832,4.774364,8380739,-4,15,-4,1790,15.503,-5,24,2,-1366,1139,3370,1557,1741,1544,1686
190666,199.152,5.244774,8590191,-3,23,-3,1531,16.904,-1,16,-1,-867,721,-1083,1073,1104,1169,1170
239660,199.152,4.172578,8780857,-5,24,-1,1452,17.454,-5,15,-1,-269,727,-2862,896,914,1098,1004
160906,158.112,6.214809,9020517,-14,1,-1,1435,17.454,-15,4,3,-698,1398,-2436,853,851,1038,1056
200457,158.112,4.988601,9181423,-14,1,-1,1410,17.454,-13,4,2,-1024,1106,-2066,809,810,988,1000
200581,146.268,4.985517,9381880,-7,1,0,1409,17.498,-6,2,2,-1099,701,-1466,834,829,961,978
199786,126.288,5.005356,9582461,-4,0,0,1405,17.604,0,-3,0,-1175,521,-1082,856,837,968,909
240475,126.288,4.158436,9782247,-4,-3,0,1403,17.507,-4,-3,2,-1209,960,-849,832,796,965,962
160518,112.5,6.229831,1.002272e+07,-3,-22,0,1392,17.56,-2,-11,0,-1848,725,-556,786,835,896,952
199515,112.5,5.012154,1.018324e+07,-3,-20,0,1375,17.604,2,-14,-4,-2112,635,-588,758,806,897,877
200725,105.588,4.98194,1.038276e+07,-3,-14,0,1366,17.542,0,-12,-1,-2267,1120,-391,766,772,874,856
159442,100.332,6.271873,1.202511e+07,-92,19,78,1291,16.452,-57,11,43,-87,1432,3378,671,640,685,692
200428,132.156,4.989323,2.318711e+07,79,-3,-55,1366,16.018,48,-1,-23,-305,-2801,3842,804,901,776,787
200760,148.572,4.981072,2.338754e+07,69,-10,-52,1357,16.071,48,-6,-28,-361,-2778,3721,771,959,780,679
200558,167.184,4.986089,2.35883e+07,67,-10,-48,1340,16.035,43,-10,-36,-320,-2695,3345,674,961,850,582
229441,186.372,4.358419,2.378886e+07,67,-10,-60,1330,16.053,45,-7,-34,-321,-2488,3154,713,882,784,609
160689,186.372,6.223201,2.40183e+07,67,-7,-61,1329,16.177,46,-3,-40,-406,-2496,3173,694,932,810,542
10118,203.04,98.83376,2.417899e+07,67,-3,-63,1324,16.089,42,-1,-39,-556,-2547,3232,664,889,790,594
199581,214.416,5.010497,2.418911e+07,67,-3,-63,1323,16.106,40,-3,-32,-491,-2542,3198,723,820,761,630
200393,221.508,4.990194,2.438869e+07,67,0,-65,1321,16.221,42,-2,-41,-374,-2525,3085,659,890,785,586
200457,226.44,4.988601,2.458908e+07,71,0,-65,1321,16.097,46,0,-36,-297,-2446,3115,702,865,729,624
230163,229.176,4.344747,2.478954e+07,61,0,-57,1330,16.204,37,2,-31,-262,-2436,3284,686,851,753,700
160523,231.012,6.229637,2.50197e+07,63,0,-57,1330,16.133,42,1,-28,-230,-2455,3254,773,850,704,662
209828,231.012,4.765808,2.518022e+07,65,1,-57,1327,16.204,41,-2,-30,-235,-2424,3225,761,817,729,658
200419,233.1,4.989547,2.539005e+07,70,4,-57,1326,16.115,45,1,-36,-202,-2434,3254,690,892,739,638
200483,233.532,4.987954,2.559047e+07,67,4,-57,1326,16.133,47,2,-35,-377,-2467,3242,738,875,711,635
230106,232.74,4.345823,2.579095e+07,67,3,-61,1321,16.124,43,5,-42,-754,-2396,3245,676,869,766,608
169937,221.868,5.884534,2.602106e+07,72,3,-63,1321,16.097,40,0,-32,-112,-2437,3133,743,793,688,696
200596,206.928,4.985144,2.6191e+07,78,5,-63,1321,16.151,52,5,-31,-70,-2313,3198,730,771,712,706
190301,193.212,5.254833,2.639159e+07,80,8,-63,1321,16.151,56,9,-29,-188,-2309,3235,737,799,662,721
200295,193.212,4.992636,2.658189e+07,84,12,-63,1321,16.204,52,9,-42,-88,-2324,3299,633,850,749,688
239540,178.848,4.174668,2.678219e+07,92,15,-61,1321,16.115,56,10,-37,-20,-2334,3300,662,800,745,713
160500,149.832,6.23053,2.702173e+07,92,7,-61,1321,16.133,62,7,-41,-50,-2560,3272,642,848,745,685
199703,149.832,5.007436,2.718223e+07,89,4,-61,1321,16.248,57,9,-39,54,-2154,3470,642,852,739,687
201363,139.356,4.966156,2.738193e+07,88,3,-63,1321,16.115,56,-4,-35,-230,-2486,3505,715,808,705,691
199541,130.86,5.011501,2.758329e+07,89,4,-63,1321,16.151,60,14,-28,63,-1961,3537,711,800,639,770
241683,115.56,4.137651,2.778284e+07,95,7,-63,1318,16.097,62,4,-34,27,-2084,3610,704,794,717,679
159792,109.404,6.258136,2.802452e+07,103,15,-63,1306,16.195,74,6,-30,234,-1838,3285,715,770,659,653
199433,104.58,5.014215,2.818431e+07,105,15,-63,1305,16.186,75,15,-32,95,-1887,3324,707,767,658,664
200693,104.58,4.982735,2.838374e+07,105,15,-63,1305,16.23,68,7,-34,80,-1879,3516,683,752,695,666
199379,100.512,5.015573,2.858444e+07,104,15,-61,1305,16.177,75,16,-33,-32,-1641,3497,661,812,672,652
580168,101.196,1.723639,702081,-1,1,-1,1000,18.535,-1,0,0,-63,-88,2042,114,107,117,117
240251,101.412,4.162314,1282249,-1,0,-1,1000,18.526,-1,0,-1,-60,-89,2042,113,113,118,115
169804,100.368,5.889143,1522500,-1,0,-1,1000,18.535,-1,0,0,-60,-90,2041,116,117,118,126
200653,151.272,4.983728,187702,-1,1,-1,1000,18.509,0,0,1,-55,-83,2036,128,107,108,116
189754,175.068,5.269981,388355,-1,1,-1,1000,18.553,0,0,1,-72,-89,2040,130,107,116,126
10288,197.856,97.20062,578109,-1,0,-1,1000,18.535,0,0,1,-60,-95,2039,130,117,107,128
270080,197.856,3.702607,588397,-1,0,-1,1000,18.526,0,0,-1,-59,-94,2039,112,119,117,112
130836,212.868,7.643156,858477,-1,0,-1,1000,18.509,0,0,1,-69,-87,2047,134,121,107,123
10328,222.912,96.82417,989313,-1,0,-1,1000,18.517,0,0,0,-62,-93,2042,119,116,107,117
189706,222.912,5.271315,999641,-1,0,-1,1000,18.535,0,0,0,-64,-90,2042,125,113,115,120
200300,236.124,4.992511,1189347,-1,0,-1,1000,18.535,0,0,1,-61,-93,2040,137,117,110,126
200282,236.124,4.99296,1389647,-1,1,-1,1000,18.544,-1,0,1,-62,-91,2042,127,108,118,128
190366,239.508,5.253039,1589929,-1,1,-1,1000,18.509,-1,0,-1,-58,-96,2034,108,119,120,112
70355,241.416,14.21363,1780295,-1,1,-1,1000,18.5,-1,0,0,-63,-87,2041,125,107,119,124
130023,241.416,7.690947,1850650,-1,1,-1,1000,18.5,-1,0,0,-61,-95,2043,118,108,125,126
9406,243.288,106.3151,1980673,-1,1,-1,1000,18.526,0,0,0,-63,-95,2045,125,116,116,121
200290,243.648,4.99276,1990079,-1,1,-1,1000,18.526,0,0,0,-64,-94,2045,121,111,110,110
190479,243.648,5.249923,2190369,0,0,-1,1000,18.509,0,0,0,-66,-91,2039,122,113,109,115
9098,243.972,109.9143,2380848,0,1,-1,1007,18.579,-1,0,0,-59,-91,2039,130,127,132,132
200817,243.972,4.979658,2389946,0,1,-1,1007,18.579,0,0,1,-61,-91,2040,139,112,115,132
259819,246.276,3.848833,2590763,0,10,-1,1127,18.446,-2,4,-3,-146,-168,2057,347,343,398,341
140160,246.672,7.134703,2850582,0,22,0,1214,18.305,8,26,1,-7,-13,2739,501,576,476,539
200647,246.96,4.983877,2990742,1,16,14,1242,18.172,8,14,7,-62,-201,3140,552,629,593,542
200140,238.968,4.996502,3191389,4,4,22,1254,18.243,9,12,11,17,155,3350,564,663,601,572
199514,224.028,5.01218,3391529,23,16,25,1236,18.305,9,7,13,54,45,2931,518,579,618,544
261944,208.548,3.81761,3591043,45,26,33,1208,18.305,35,22,18,-93,-153,2626,491,567,497,483
128804,176.22,7.763734,3852987,5,41,1,1194,18.278,2,32,4,-107,-72,2256,476,475,463,520
10287,176.22,97.21007,3981791,0,28,0,1194,18.269,-4,14,-1,-101,-99,2174,450,497,519,468
200397,176.22,4.990095,3992078,0,28,-1,1194,18.269,-4,13,1,-105,-72,2180,462,483,501,488
180137,161.136,5.55133,4192475,-3,51,0,1184,18.358,-5,31,1,-119,-43,2082,437,465,489,461
10083,148.392,99.17683,4372612,-54,1,42,1165,18.296,-47,-14,24,-141,-2,1803,399,400,499,411
209776,148.392,4.76699,4382695,-54,1,42,1165,18.331,-49,-12,24,-159,-4,1804,391,397,502,420
180541,125.604,5.538908,4592471,-93,1,65,1159,18.349,-67,-3,35,-206,134,1765,366,410,464,422
79798,125.604,12.53164,4773012,-93,0,72,1156,18.358,-65,-5,39,-178,168,1640,379,408,451,402
129871,125.604,7.699948,4852810,-76,0,85,1154,18.358,-47,3,48,-231,295,1643,363,404,429,428
190425,115.776,5.251411,4982681,-54,0,110,1151,18.331,-36,-2,62,-230,306,1560,371,398,429,403
10087,107.748,99.1375,5173106,-47,0,115,1172,18.287,-31,-1,65,-212,366,1675,431,423,461,458
200754,107.748,4.981221,5183193,-47,0,115,1173,18.349,-32,-2,66,-228,372,1702,431,413,464,468
199590,100.44,5.010271,5383947,-27,0,83,1201,18.243,-20,1,45,-249,472,2237,486,456,514,536
199978,143.172,5.00055,1.419218e+07,-3,1,-1,1771,14.803,-1,-4,-1,-1066,1454,7028,1535,1584,1687,1604
200464,143.172,4.988427,1.439216e+07,-3,1,-1,1834,14.582,0,4,10,-1447,1177,6088,1725,1644,1702,1838
260299,163.656,3.841736,1.459262e+07,-3,1,0,1895,14.227,3,10,9,-1395,976,-1505,1798,1824,1776,1976
140669,182.844,7.108887,1.485292e+07,-4,1,0,1897,14.395,3,7,4,-1685,770,-3626,1778,1852,1822,1936
199451,199.98,5.013763,1.499359e+07,-4,1,0,1897,14.36,-7,2,-5,-1963,871,-3676,1712,1836,1965,1874
200696,211.716,4.98266,1.519304e+07,-4,1,3,1897,14.404,4,-2,-2,-2068,644,3135,1768,1869,1914,1837
199505,218.592,5.012406,1.539374e+07,-4,1,4,1897,14.413,-5,1,6,-2054,863,3270,1764,1786,1875,1963
260197,224.136,3.843242,1.559324e+07,-4,1,5,1897,14.422,-2,-1,4,-1823,601,4197,1765,1836,1872,1915
140279,226.908,7.128651,1.585344e+07,-4,0,7,1897,14.316,-9,-1,7,-1904,425,-4549,1757,1790,1886,1954
200793,229.86,4.980253,1.599372e+07,-4,0,8,1897,14.44,-7,-1,5,-1801,1032,1318,1737,1803,1901,1946
200016,230.976,4.9996,1.619451e+07,-3,0,12,1897,14.342,-9,-2,9,-2110,847,1198,1732,1792,1895,1968
200032,230.976,4.9992,1.639452e+07,-3,0,13,1897,14.422,-5,-4,10,-1816,117,-316,1760,1768,1910,1950
259957,232.092,3.84679,1.659456e+07,0,-5,8,1889,14.351,-1,-11,-2,-2023,1384,4603,1699,1811,1957,1855
159731,232.272,6.260526,1.685451e+07,0,-4,0,1868,14.466,4,-2,-1,-2220,760,2578,1702,1793,1820,1844
10153,232.2,98.49306,1.701424e+07,0,-5,-1,1840,14.652,1,-4,1,-2262,602,3517,1674,1710,1753,1804
199872,230.724,5.003202,1.70244e+07,0,-5,-1,1840,14.697,0,-7,-6,-2301,662,3053,1624,1716,1848,1756
200892,228.744,4.977799,1.722427e+07,8,-20,-3,1735,15.096,3,-16,3,-2626,313,-4498,1473,1469,1514,1632
199911,223.488,5.002226,1.742516e+07,10,-20,-5,1589,15.601,7,-12,-2,-3144,-223,-369,1169,1228,1223,1346
260379,211.212,3.840555,1.762507e+07,10,-16,-3,1458,15.964,6,-10,-2,-3137,-689,-3027,904,993,990,1040
130885,211.212,7.640295,1.788545e+07,23,-20,-3,1292,16.097,20,-14,4,-2863,-957,-4694,645,732,590,715
210123,196.488,4.759117,1.801634e+07,45,-23,-3,1212,16.257,42,-15,-8,-3047,-1435,-4462,433,728,491,385
190148,159.66,5.259061,1.822646e+07,54,-27,-16,1177,15.956,26,-9,-11,-3519,-3093,-2415,525,854,462,141
200461,159.66,4.988502,1.841661e+07,51,-29,-54,1177,16.23,18,-1,-30,-3278,-3017,-1991,433,768,374,232
270324,144.432,3.699265,1.861707e+07,45,-22,-54,1190,16.035,22,-16,-30,-2878,-2913,-1453,475,662,404,362
130116,131.004,7.68545,1.888739e+07,58,-13,-13,1200,16.195,37,-13,-3,-2380,-2970,-525,565,582,410,426
190227,119.412,5.256877,1.901751e+07,64,-13,-19,1201,16.204,38,-12,-10,-2278,-2904,-118,536,570,450,432
9292,109.512,107.6195,1.920774e+07,78,-13,-52,1216,16.213,55,-10,-32,-2116,-3000,396,556,630,475,451
180058,109.512,5.553766,1.921703e+07,79,-13,-56,1216,16.213,56,-10,-33,-2101,-3009,457,557,638,461,457
10338,100.008,96.73051,1.939709e+07,91,-12,-70,1244,16.186,56,-7,-43,-1932,-3216,1259,553,731,595,445
209842,100.008,4.76549,1.940742e+07,91,-12,-70,1244,16.195,57,-8,-44,-1903,-3215,1282,534,734,625,430
10323,107.892,96.87106,3.416582e+07,1,-16,-1,1566,15.574,-8,-13,6,-922,-1374,4212,1167,1213,1181,1274
200766,107.892,4.980923,3.417614e+07,1,-16,-1,1571,15.433,-11,-22,0,-819,-1435,4250,1250,1180,1305,1142
199906,118.8,5.002351,3.437691e+07,1,-5,-3,1721,14.998,5,3,-11,-1386,-1100,7124,1414,1686,1520,1439
270492,134.604,3.696967,3.457682e+07,1,0,-3,1842,14.324,-3,-2,2,-1751,-1030,7792,1713,1785,1720,1766
129790,181.404,7.704754,3.484731e+07,0,-3,-3,1897,14.183,3,-1,-11,-1907,-847,5370,1730,1979,1901,1777
200183,181.404,4.995429,3.49771e+07,0,-6,-3,1897,14.147,-4,-3,7,-2095,-754,4986,1830,1822,1802,1934
200089,201.24,4.997776,3.517728e+07,0,-7,-3,1897,14.183,6,-3,-8,-2347,-691,-6583,1782,1974,1836,1799
200620,214.596,4.984548,3.537737e+07,0,-11,-3,1897,14.28,0,-13,-3,-2601,-388,-4406,1782,1867,1901,1838
260266,223.704,3.842223,3.557799e+07,0,-23,-3,1897,14.218,5,-11,10,-3040,-340,-6017,1863,1808,1726,1990
140278,229.68,7.128702,3.583826e+07,-1,-6,-3,1897,14.227,15,-7,-1,-3512,-553,1564,1862,1896,1784,1846
199764,233.424,5.005907,3.597853e+07,-1,0,-3,1897,14.236,0,7,1,-3392,64,1612,1764,1847,1805,1972
200540,235.836,4.986536,3.61783e+07,-1,0,-3,1897,14.218,2,-4,-5,-3005,-104,-1570,1780,1864,1901,1842
200413,237.24,4.989696,3.637884e+07,-1,0,-3,1897,14.245,0,-5,0,-2616,-225,-172,1807,1838,1858,1884
260182,237.636,3.843463,3.657925e+07,-1,0,-3,1897,14.254,-2,-1,-7,-2765,-536,-5132,1712,1883,1901,1891
140405,237.348,7.122253,3.683943e+07,-3,0,-3,1886,14.262,1,-1,-3,-2608,-742,199,1756,1852,1839,1844
199927,237.42,5.001826,3.697984e+07,-4,0,-3,1827,14.59,-4,-3,9,-2246,-337,2112,1720,1631,1667,1814
199700,236.196,5.007511,3.717976e+07,-13,0,-3,1703,15.078,-5,1,-5,-2289,85,1822,1375,1527,1466,1481
200824,232.272,4.979485,3.737946e+07,-22,0,-3,1522,15.663,-15,-2,-2,-2158,904,-2167,1044,1066,1136,1182
260081,206.784,3.844956,3.758029e+07,-39,-5,-1,1359,15.84,-30,-3,-1,-1894,1441,-5394,670,749,867,902
140328,206.784,7.126162,3.784037e+07,-63,-13,0,1262,15.973,-44,-8,-3,-2067,2929,-4278,418,481,741,800
199920,185.868,5.002001,3.79807e+07,-68,-17,0,1228,15.938,-62,-16,1,-1945,3910,-3180,274,218,789,906
199843,169.236,5.003928,3.818062e+07,-76,-26,1,1223,15.849,-46,-19,8,-2102,4587,-1408,576,107,771,1041
199816,153.288,5.004604,3.838046e+07,-77,-38,1,1234,15.796,-46,-25,-1,-2471,4322,-226,577,163,798,1050
260201,140.544,3.843183,3.858028e+07,-74,-30,1,1242,15.973,-46,-21,-4,-2552,3400,-569,498,417,631,761
140636,129.564,7.110555,3.884048e+07,-72,-13,14,1267,15.973,-40,-1,10,-2560,3276,329,523,602,656,725
200078,118.872,4.998051,3.898111e+07,-72,-13,22,1290,15.991,-52,-12,15,-2324,3334,1049,568,582,759,793
199811,109.548,5.004729,3.918119e+07,-72,-17,33,1318,15.956,-38,-7,21,-2413,3320,2044,668,699,728,803
129976,100.368,7.693728,4.184473e+07,-40,1,-4,1464,16.097,-28,2,-2,-944,2277,-4480,840,863,1183,1099
211230,100.368,4.734176,4.197471e+07,-48,1,-13,1313,16.346,-43,6,-12,-986,3445,-6301,410,618,927,857
199716,104.868,5.00711,4.218594e+07,-52,1,-4,1207,16.133,-18,8,-2,-550,4993,-4745,130,613,899,934
190226,104.868,5.256905,4.238565e+07,-52,1,-3,1193,16.31,-35,-1,-1,-505,4460,-3826,111,512,872,828
260730,104.616,3.835385,4.257588e+07,-55,0,-3,1194,16.213,-38,-7,-1,-895,4443,-2856,111,339,803,788
139164,106.632,7.185766,4.283661e+07,-58,-1,-1,1226,16.434,-29,-5,7,-1313,4278,-1885,445,167,698,872
200638,105.084,4.984101,4.297577e+07,-59,0,-1,1255,16.257,-30,2,1,-1428,4174,-1125,526,224,726,951
200781,103.788,4.980551,4.317641e+07,-64,0,-1,1292,16.31,-39,-5,7,-1499,4007,-182,683,326,695,998
200379,101.592,4.990543,4.337719e+07,-65,0,0,1321,16.159,-40,-2,-6,-1553,4048,510,651,468,835,969
200071,126.972,4.998226,101965,-1,0,-1,1000,18.606,1,0,1,-60,-89,2033,132,120,108,133
200470,136.872,4.988278,302036,-1,1,-1,1000,18.464,-1,0,1,-65,-91,2038,128,108,117,130
300653,138.6,3.326094,502506,-1,1,-1,1000,18.509,-1,0,-1,-59,-92,2036,119,118,122,114
99155,138.636,10.08522,803159,-1,0,-1,1000,18.579,0,0,-1,-63,-90,2041,116,116,116,116
211010,137.052,4.739112,902314,-1,0,-1,1000,18.553,-1,0,0,-64,-91,2043,118,111,107,122
189252,137.808,5.28396,1113324,-1,0,-1,1000,18.526,-1,0,-2,-64,-92,2039,108,123,126,117
210714,141.048,4.745769,1302576,-1,1,-1,1000,18.526,0,0,0,-61,-94,2044,118,111,113,118
300548,146.376,3.327256,1513290,-1,0,-1,1000,18.526,0,0,1,-61,-89,2039,128,109,107,126
90165,152.856,11.09078,1813838,-1,0,-1,1000,18.526,0,0,0,-62,-90,2044,115,111,108,112
200375,161.676,4.990643,1904003,-1,0,-1,1000,18.571,0,0,0,-61,-90,2042,122,123,107,117
200399,173.34,4.990045,2104378,0,1,-1,1000,18.5,0,0,1,-64,-89,2048,129,107,111,123
199771,187.02,5.005732,2304777,0,1,-1,1000,18.571,0,0,0,-63,-89,2044,127,107,121,124
300249,200.844,3.330569,2504548,0,1,-1,1074,18.455,0,1,0,-77,-91,2055,268,255,239,262
100067,210.456,9.993304,2804797,0,33,0,1212,18.269,-4,23,2,-17,-50,2651,494,523,514,545
200410,216.936,4.989771,2904864,0,22,12,1227,18.305,-7,10,7,3,-101,2818,506,569,570,550
199411,221.004,5.014768,3105274,1,7,20,1253,18.172,-1,0,16,-42,-91,3248,593,586,613,602
200363,223.596,4.990941,3304685,10,4,23,1242,18.322,11,8,10,-84,-129,3324,536,629,582,546
300931,225.432,3.323021,3505048,47,22,30,1221,18.181,32,13,18,-76,-102,2840,519,549,557,510
99189,226.152,10.08176,3805979,8,42,20,1194,18.358,9,31,13,-104,-86,2261,469,495,481,489
201252,226.944,4.968895,3905168,1,39,0,1194,18.34,4,24,-1,-100,-58,2214,470,508,492,464
199486,226.8,5.012883,4106420,0,41,-1,1188,18.402,5,28,0,-121,-33,2174,466,473,486,462
200558,222.444,4.986089,4305906,-32,6,39,1168,18.331,-7,12,16,-90,-4,1906,375,536,441,377
300362,212.724,3.329316,4506464,-90,1,62,1164,18.384,-54,2,34,-169,66,1763,386,471,438,407
100136,199.836,9.986418,4806826,-85,1,80,1156,18.313,-61,-2,46,-207,229,1645,377,390,441,432
199420,185.796,5.014542,4906962,-58,0,103,1151,18.34,-32,2,58,-224,332,1609,369,417,415,397
200720,171.972,4.982065,5106382,-48,0,115,1156,18.322,-27,3,65,-244,356,1556,393,414,419,430
200655,161.028,4.983678,5307102,-39,0,101,1195,18.269,-27,-1,56,-273,465,2098,473,450,505,517
300031,152.064,3.332989,5507757,-6,0,64,1217,18.278,-1,-1,35,-302,485,2381,530,500,526,558
100302,144.432,9.969891,5807788,48,39,52,1273,18.216,34,26,29,-345,528,3424,617,618,659,658
200575,137.448,4.985666,5908090,40,41,51,1284,18.083,28,21,23,-329,470,3473,640,687,704,603
199496,131.688,5.012632,6108665,0,23,11,1326,17.959,7,23,1,-340,466,4232,669,789,742,760
200539,127.08,4.986561,6308161,0,57,0,1293,18.083,-6,27,0,-325,484,3549,654,635,724,683
299405,123.48,3.339958,6508700,0,70,-3,1284,18.101,-4,43,3,-225,433,2918,652,607,682,690
100357,119.592,9.964427,6808105,-3,1,-4,1285,18.225,-3,-6,0,-86,481,2451,650,620,702,674
200764,115.956,4.980973,6908462,-3,1,-15,1296,17.968,1,4,-14,-224,474,2499,617,715,733,662
200306,112.464,4.992362,7109226,0,12,-5,1355,17.79,-1,6,-2,-433,522,3257,767,767,857,798
200038,109.008,4.99905,7309532,0,3,-3,1455,17.418,5,8,-10,-589,612,4673,934,1042,1053,963
300544,104.688,3.3273,7509570,-1,1,7,1654,16.647,-13,-9,12,-844,758,7699,1278,1161,1560,1550
99289,103.608,10.07161,7810114,-3,1,0,1780,15.557,14,4,9,-1279,1025,8858,1677,1611,1566,1626
190747,105.948,5.242546,7909403,-3,1,-1,1806,15.379,15,7,4,-1289,874,7580,1715,1656,1655,1664
199900,110.448,5.002501,8100150,-4,1,-1,1920,14.839,-2,1,17,-1322,964,7631,1970,1778,1844,2024
199943,116.064,5.001425,8300050,-4,10,-1,1914,14.466,-15,4,-23,-1404,1251,5097,1411,1746,2047,1683
310784,122.328,3.217669,8499993,-3,19,-4,1620,16.452,7,10,0,-1002,760,-54,1360,1343,1271,1205
89964,128.232,11.11556,8810777,-7,16,-1,1452,17.321,-5,8,-4,-229,777,-2788,908,919,1139,969
199695,134.1,5.007637,8900741,-13,3,-2,1449,17.285,-11,3,-2,-354,749,-2456,886,920,1086,1017
200770,139.32,4.980824,9100436,-14,1,-1,1413,17.56,-4,-3,0,-854,1286,-2342,846,839,993,946
199501,150.3,5.012506,9301206,-13,1,-1,1409,17.418,-7,1,-3,-1044,1011,-2016,838,851,994,919
299998,166.608,3.333356,9500707,-5,0,0,1407,17.525,-8,0,-1,-1085,669,-1138,808,847,973,958
110226,183.852,9.07227,9800705,-4,-4,0,1403,17.507,-1,-3,2,-1193,967,-583,841,835,936,943
200853,199.188,4.978766,9910931,-4,-17,0,1397,17.551,-3,-12,2,-1464,823,-726,851,818,920,917
199380,208.8,5.015548,1.011178e+07,-3,-23,0,1378,17.56,-5,-16,0,-2056,738,-799,783,784,882,909
200635,215.532,4.984175,1.031116e+07,-3,-16,0,1370,17.542,-3,-8,-2,-2070,844,-410,783,800,856,859
299705,220.176,3.336614,1.05118e+07,-3,-16,3,1363,17.569,3,-6,-1,-2214,539,-253,728,813,835,870
100021,222.984,9.9979,1.08115e+07,-3,-17,16,1346,17.631,1,-11,9,-2484,151,357,714,795,774,827
189908,224.46,5.265708,1.091152e+07,-3,-12,16,1340,17.666,-3,-7,7,-2440,505,305,701,769,802,794
200895,225.72,4.977725,1.110143e+07,-26,-3,30,1310,17.666,-14,-1,14,-2347,373,69,616,738,743,734
199787,225.756,5.005331,1.130233e+07,-102,-1,60,1263,17.728,-79,-2,31,-2163,1506,-381,483,567,704,711
310488,226.8,3.220736,1.150212e+07,-140,-3,82,1244,17.702,-98,-5,56,-1853,3804,166,536,263,643,880
89978,228.168,11.11383,1.18126e+07,-147,-5,130,1312,17.622,-91,-4,73,-720,4640,2644,761,603,668,819
200333,228.672,4.991689,1.190258e+07,-160,-10,143,1316,17.578,-103,-7,80,-270,4662,3081,739,631,684,828
200246,227.844,4.993858,1.210291e+07,-87,31,75,1291,16.576,-55,16,42,79,1749,3433,668,617,694,709
199306,217.836,5.01741,1.230316e+07,-84,44,65,1291,16.496,-46,27,39,11,1389,3374,698,633,641,715
310697,202.212,3.21857,1.250247e+07,-81,44,63,1318,16.47,-51,31,31,28,1447,3725,640,756,729,773
89745,184.212,11.14268,1.281316e+07,-57,48,7,1336,16.452,-39,34,3,-96,1465,4009,689,725,799,823
200783,167.652,4.980501,1.290291e+07,-27,41,3,1340,16.363,-20,24,-2,-250,1336,3920,703,738,857,771
199638,152.244,5.009066,1.310369e+07,-3,32,1,1423,16.115,-4,23,-11,-281,1479,4833,774,980,1068,929
200678,137.844,4.983107,1.330333e+07,11,23,22,1499,15.956,6,13,11,-302,1515,6216,983,1108,1122,1105
299560,125.46,3.338229,1.350401e+07,3,19,18,1546,15.831,1,11,17,-350,1363,6298,1182,1047,1234,1210
100453,114.66,9.954904,1.380357e+07,-2,1,0,1653,15.246,-3,6,8,-708,1287,6337,1296,1416,1311,1496
200060,104.292,4.9985,1.390402e+07,-3,1,-1,1710,15.317,-7,3,-2,-836,1312,4284,1374,1449,1590,1539
300266,100.656,3.33038,1.751037e+07,10,-17,-4,1545,15.654,7,-7,2,-3236,-452,-2591,1120,1136,1112,1268
100540,102.096,9.94629,1.781064e+07,21,-22,-3,1328,16.089,19,-17,1,-3120,-745,-4604,704,787,688,771
200424,104.184,4.989422,1.791118e+07,23,-20,-3,1279,16.204,21,-13,3,-2978,-1093,-4635,614,726,567,665
199601,106.452,5.009995,1.81116e+07,51,-25,-4,1181,16.159,62,-35,-6,-3091,-2121,-4015,590,797,384,108
200537,106.74,4.986611,1.83112e+07,54,-27,-34,1177,16.23,35,-18,-15,-3284,-3104,-2295,622,836,418,122
300869,106.884,3.323706,1.851174e+07,47,-25,-57,1187,16.204,27,-12,-28,-3039,-2953,-1812,504,685,381,312
100484,108.072,9.951833,1.881261e+07,55,-14,-23,1196,16.213,31,-7,-16,-2494,-2957,-776,464,661,429,397
190181,109.224,5.258149,1.891309e+07,60,-13,-13,1200,16.213,39,-13,-6,-2338,-2974,-455,529,612,413,427
200664,111.24,4.983455,1.910327e+07,68,-14,-32,1203,16.062,42,-15,-19,-2218,-2891,103,539,575,469,422
199725,114.408,5.006884,1.930394e+07,85,-13,-63,1231,16.213,57,-11,-37,-2035,-3108,773,585,677,515,453
299167,117.756,3.342615,1.950366e+07,92,-12,-74,1266,16.115,58,-9,-47,-1824,-3281,1637,542,821,717,425
100502,120.132,9.950051,1.980283e+07,96,0,-63,1312,16,60,3,-34,-1219,-3325,3095,569,899,825,560
200289,124.776,4.992785,1.990333e+07,98,0,-63,1333,16.044,61,1,-36,-1027,-3291,3464,537,1009,870,611
200735,135.432,4.981692,2.010362e+07,100,0,-63,1346,16,59,-1,-32,-788,-3249,4000,612,948,925,629
199559,151.02,5.011049,2.030435e+07,105,-3,-69,1368,16.062,75,-8,-30,-567,-3102,4432,769,963,908,645
300162,170.748,3.331534,2.050391e+07,105,0,-75,1375,15.991,65,3,-41,-304,-3066,4811,662,1034,955,688
100551,187.452,9.945202,2.080407e+07,100,0,-57,1395,15.84,61,-4,-29,-201,-2881,5082,759,1002,1015,719
199672,198.828,5.008213,2.090462e+07,96,0,-45,1403,15.92,67,-2,-27,-232,-2777,5078,742,1107,1005,703
200662,188.424,4.983505,2.11043e+07,93,0,-45,1400,15.885,54,-4,-17,-323,-2702,5103,804,955,1000,772
200355,165.924,4.991141,2.130496e+07,72,0,-45,1393,15.929,50,-3,-24,-506,-2460,4938,750,1081,913,735
299356,151.272,3.340504,2.150531e+07,69,-14,-41,1407,15.867,38,-11,-23,-553,-2498,4849,735,1073,1005,775
100299,134.856,9.970189,2.180467e+07,78,-9,-51,1412,15.911,54,-11,-32,-595,-2555,4655,814,1097,977,738
200623,117.684,4.984473,2.190497e+07,79,-8,-57,1397,15.947,52,-3,-29,-553,-2612,4825,823,1019,898,760
200450,103.5,4.988775,2.210559e+07,79,-14,-61,1396,15.982,52,-10,-41,-570,-2566,4355,779,1078,942,704
200080,190.332,4.998001,165239,-1,0,-1,1000,18.517,0,0,1,-57,-85,2036,125,116,107,125
200646,193.464,4.983902,365319,-1,0,-1,1000,18.544,0,0,1,-80,-90,2038,128,111,109,126
320019,195.66,3.124814,565965,-1,0,-1,1000,18.535,-1,0,-1,-61,-93,2040,114,115,119,115
79741,196.344,12.5406,885984,-1,0,-1,1000,18.544,0,0,0,-68,-89,2045,123,114,111,125
200127,196.668,4.996827,965725,-1,0,-1,1000,18.509,0,0,-1,-63,-96,2041,116,125,107,112
200390,195.948,4.990269,1165852,-1,1,-1,1000,18.65,0,0,1,-61,-93,2040,137,109,107,123
200242,195.048,4.993957,1366242,-1,1,-1,1000,18.535,0,0,1,-63,-87,2042,131,107,110,124
310762,194.472,3.217897,1566484,-1,0,-1,1000,18.624,-1,0,-1,-65,-93,2041,112,118,118,113
89249,191.988,11.20461,1877246,-1,0,-1,1000,18.535,0,0,-1,-67,-97,2042,114,119,112,110
200190,188.388,4.995255,1966495,-1,0,-1,1000,18.517,0,0,-1,-64,-89,2044,119,120,111,107
200761,182.916,4.981047,2166685,0,0,-1,1000,18.509,0,0,0,-65,-95,2043,124,111,107,114
199753,176.22,5.006183,2367446,0,1,-1,1000,18.509,0,0,1,-58,-90,2036,137,107,110,118
299869,168.336,3.33479,2567199,0,4,-1,1115,18.367,3,4,-3,-59,-99,2041,324,373,310,329
101179,159.804,9.883474,2867068,0,22,0,1221,18.331,2,18,-4,14,-43,2729,481,578,584,519
199298,150.732,5.017612,2968247,1,17,13,1231,18.243,15,10,9,11,-74,3004,564,609,529,521
201494,143.532,4.962927,3167545,2,4,22,1254,18.243,7,8,9,-64,-116,3368,553,658,622,567
199500,136.044,5.012531,3369039,23,15,25,1237,18.42,11,7,12,-71,-117,3026,521,598,610,537
300762,129.636,3.324888,3568539,47,26,33,1212,18.296,34,21,18,-94,-136,2695,487,544,523,502
99375,123.408,10.06289,3869301,4,41,1,1194,18.305,3,28,-1,-104,-67,2249,465,500,498,472
200042,117.792,4.99895,3968676,0,28,0,1194,18.278,-3,16,0,-128,-174,2176,459,501,498,476
200653,112.104,4.983728,4168718,-1,51,0,1186,18.251,1,35,1,-109,-66,2124,448,485,470,469
190526,105.66,5.248627,4369371,-54,1,42,1165,18.296,-46,-15,24,-131,-7,1808,401,405,494,409
310301,100.872,3.222677,4559897,-93,1,64,1161,18.535,-69,-7,35,-190,92,1764,380,413,465,417
199497,102.06,5.012607,5170070,-47,0,115,1172,18.287,-30,0,65,-213,342,1664,428,432,454,457
200510,108.756,4.987282,5369567,-33,0,83,1200,18.287,-22,1,45,-215,478,2200,485,458,506,535
300196,117.252,3.331157,5570077,-3,1,58,1235,18.207,-5,-3,33,-177,730,2625,567,517,589,603
100287,126.576,9.971382,5870273,47,41,51,1273,18.189,35,32,28,-355,509,3452,611,651,629,657
200502,132.48,4.987481,5970560,5,22,51,1303,17.897,-2,7,37,-297,565,3736,740,624,684,736
200625,137.16,4.984424,6171062,0,41,5,1326,17.897,-7,21,1,-262,138,4013,726,704,801,727
199543,143.856,5.011451,6371687,0,60,-1,1291,18.048,8,46,0,-279,530,3251,632,690,679,686
300496,151.632,3.327831,6571230,0,75,-3,1282,18.039,-2,47,0,-202,432,2767,623,626,695,673
100248,159.228,9.975261,6871726,-3,1,-15,1296,18.039,-3,-4,-4,-268,350,2418,688,624,732,706
189593,166.464,5.274456,6971974,-3,1,-15,1321,18.048,-7,2,-8,-312,451,2794,674,716,762,773
210574,173.952,4.748924,7161567,0,22,-4,1373,17.72,7,16,4,-505,637,3597,840,778,846,868
200116,178.596,4.997102,7372141,0,1,-3,1512,17.135,-11,-12,-3,-617,611,5443,1123,1076,1195,1052
301558,181.8,3.316112,7572257,-1,1,0,1708,16.071,11,-2,0,-939,937,8859,1493,1470,1556,1432
100383,185.004,9.961846,7873815,-3,1,-1,1798,15.335,-5,-8,-3,-1167,879,7258,1604,1640,1781,1612
198743,186.048,5.031624,7974198,-3,1,-1,1842,15.158,-4,4,-2,-1291,788,6856,1604,1689,1856,1840
200746,186.912,4.981419,8172941,-5,2,-1,1929,14.404,-3,10,14,-1414,1179,4223,1915,1821,1844,2047
200111,182.556,4.997227,8373687,-4,15,-4,1805,15.503,-20,14,-10,-1376,1172,3010,1370,1471,1983,1822
300388,174.744,3.329028,8573798,-3,22,-4,1542,17.019,-3,17,10,-801,688,-478,1132,1050,1114,1298
100376,163.872,9.962541,8874186,-12,4,-1,1450,17.33,-6,3,-3,-267,643,-2499,889,956,1082,991
199592,153.504,5.010221,8974562,-13,1,-1,1447,17.436,-9,2,1,-511,1215,-2334,890,909,1055,1041
200665,143.244,4.98343,9174154,-14,1,-1,1410,17.454,-8,2,-2,-987,1101,-2104,817,838,1006,943
199536,133.74,5.011627,9374819,-7,1,0,1409,17.498,-5,1,1,-1111,708,-1456,839,833,976,955
290685,123.228,3.44015,9574355,-4,0,0,1405,17.489,0,-1,-3,-1156,504,-1101,823,869,977,902
100435,114.588,9.956688,9865040,-4,-16,0,1400,17.498,-2,-10,3,-1406,789,-721,845,790,940,954
200365,106.92,4.990892,9965475,-3,-20,0,1395,17.516,1,-10,-4,-1664,766,-423,779,865,934,913
170164,100.692,5.876684,1.486326e+07,-4,1,0,1897,14.422,-2,-5,-9,-1696,855,-4354,1736,1905,1950,1796
170006,173.844,5.882145,1.503343e+07,-4,1,0,1897,14.387,5,1,-7,-2060,734,-6367,1738,1932,1886,1831
170839,189.72,5.853464,1.520343e+07,-5,1,3,1897,14.413,0,8,12,-2096,528,3895,1814,1826,1747,2001
169846,191.808,5.887686,1.537427e+07,-4,1,4,1897,14.404,-7,0,6,-2064,851,2522,1751,1803,1869,1964
129912,181.08,7.697518,1.554412e+07,-4,1,5,1897,14.449,-2,-12,1,-1796,253,-2000,1798,1797,1950,1842
170026,181.08,5.881453,1.567403e+07,-4,1,5,1897,14.502,-2,-3,7,-1815,769,1210,1781,1805,1861,1940
170140,155.556,5.877513,1.584406e+07,-4,0,7,1897,14.316,-6,5,4,-1901,577,-4840,1717,1832,1892,1946
170000,151.704,5.882353,1.60142e+07,-4,0,8,1897,14.422,-5,1,-3,-1824,1153,701,1684,1878,1948,1877
560561,146.736,1.783927,1.61842e+07,-3,0,12,1897,14.342,4,1,9,-2190,703,1949,1759,1834,1844,1950
170098,143.1,5.878964,1.674476e+07,0,-4,2,1879,14.431,6,-4,0,-2166,823,3598,1717,1811,1844,1868
169954,139.248,5.883945,1.691485e+07,0,-4,0,1857,14.582,3,-6,2,-2240,763,1119,1687,1751,1771,1863
169986,134.388,5.882837,1.708481e+07,0,-7,-1,1818,14.564,13,-9,-1,-2332,225,-273,1673,1737,1656,1689
170368,129.96,5.869647,1.725479e+07,8,-22,-3,1715,15.14,11,-12,1,-2731,293,1322,1459,1492,1449,1543
170115,125.82,5.878376,1.742516e+07,10,-20,-5,1589,15.601,7,-12,-2,-3144,-223,-369,1169,1228,1223,1346
70879,122.832,14.10855,1.759528e+07,10,-16,-3,1490,15.805,8,-8,-1,-3169,-639,-3289,977,1087,1006,1121
99146,122.832,10.08614,1.766616e+07,10,-17,-3,1420,15.991,8,-10,0,-3135,-630,-3613,867,953,855,964
70955,113.904,14.09344,1.77653e+07,11,-21,-3,1347,16.071,6,-11,0,-3172,-731,-4718,687,819,725,858
169952,113.904,5.884014,1.783626e+07,22,-22,-3,1310,16.142,20,-9,-5,-3137,-764,-4656,606,831,655,711
170853,107.856,5.852985,1.800621e+07,43,-23,-3,1219,16.257,39,-15,3,-3039,-1419,-4460,514,670,415,484
90104,107.136,11.09829,2.109925e+07,93,0,-45,1400,15.885,56,2,-25,-339,-2671,5128,734,1041,1026,728
59307,107.136,16.86142,2.118935e+07,92,0,-47,1393,15.947,69,-3,-24,-462,-2545,5032,800,1006,982,688
60329,107.136,16.57578,2.124866e+07,81,0,-47,1393,15.893,56,9,-30,-558,-2469,5037,698,1129,925,726
561175,107.136,1.781975,2.130899e+07,71,0,-45,1393,15.991,46,1,-30,-495,-2456,4931,681,1085,1001,710
129953,167.616,7.69509,2.187016e+07,78,-7,-54,1407,15.92,55,-3,-37,-584,-2555,4826,778,1123,971,712
69695,195.552,14.34823,2.200012e+07,79,-14,-58,1396,15.743,53,-11,-36,-585,-2543,4327,808,1071,932,691
170830,195.552,5.853773,2.206981e+07,79,-14,-60,1396,15.929,57,-4,-38,-571,-2546,4260,830,1079,912,680
169669,230.004,5.893829,2.224064e+07,79,-7,-60,1396,15.947,45,-3,-37,-561,-2644,4438,787,999,958,752
561757,240.192,1.780129,2.241031e+07,79,-3,-57,1395,15.973,50,5,-35,-496,-2733,4350,777,1030,898,789
169764,244.26,5.89053,2.297207e+07,79,0,-52,1376,16.035,51,2,-22,-406,-2837,3855,848,895,828,772
171151,247.788,5.842794,2.314183e+07,79,-3,-55,1367,16.035,51,-4,-31,-328,-2787,3796,792,903,877,700
169743,251.028,5.891259,2.331298e+07,73,-8,-54,1363,15.964,45,-4,-20,-399,-2802,3803,824,912,732,776
169888,250.92,5.886231,2.348272e+07,67,-10,-49,1344,16.089,36,-8,-25,-366,-2724,3522,758,879,787,671
620669,252.432,1.611165,2.365261e+07,67,-10,-50,1336,15.982,45,-8,-24,-312,-2513,3326,749,847,767,669
180699,251.604,5.534065,2.427328e+07,67,0,-63,1321,16.071,40,-5,-34,-340,-2486,3098,717,833,765,603
169990,233.46,5.882699,2.445398e+07,69,0,-65,1321,16.08,46,-1,-40,-299,-2458,3086,688,921,748,564
170606,218.448,5.861459,2.462397e+07,70,0,-64,1321,16.239,46,-2,-33,-321,-2425,3155,718,849,720,633
560464,205.344,1.784236,2.479458e+07,61,0,-57,1330,16.204,38,-1,-27,-238,-2440,3290,774,832,727,659
169764,193.14,5.89053,2.535504e+07,70,4,-57,1326,16.106,54,6,-37,-172,-2393,3192,715,901,736,606
170870,183.24,5.852402,2.552480e+07,69,4,-57,1326,16.08,41,5,-28,-173,-2438,3248,722,830,682,725
109633,174.96,9.121341,2.569568e+07,67,3,-60,1323,16.08,37,-1,-29,-172,-2451,3213,757,769,705,702
60271,166.644,16.59173,2.580531e+07,67,3,-61,1321,16.124,41,3,-33,-621,-2380,3218,730,779,733,677
559749,166.644,1.786515,2.586558e+07,67,3,-61,1321,16.213,36,-1,-30,-172,-2422,3175,740,772,704,704
170716,159.516,5.857682,2.642533e+07,82,10,-63,1321,16.106,50,7,-28,-139,-2400,3243,744,783,639,754
259954,146.52,3.846834,2.659604e+07,85,12,-63,1321,16.035,54,11,-29,-67,-2307,3286,721,774,652,772
560486,141.732,1.784166,2.6856e+07,93,13,-61,1321,16.053,65,12,-28,-3,-2246,3374,738,779,649,754
169833,127.404,5.888137,2.741648e+07,88,3,-61,1321,16.213,64,12,-30,3,-2080,3517,746,801,650,722
169983,122.76,5.882941,2.758632e+07,89,4,-63,1321,16.151,57,11,-34,46,-1970,3538,673,786,728,732
240501,118.404,4.157987,2.77563e+07,95,7,-63,1320,16.053,62,11,-35,40,-2095,3577,675,808,712,710
561141,113.616,1.782083,2.79968e+07,102,14,-63,1307,16.115,68,7,-38,171,-1977,3370,654,782,739,636
169550,104.508,5.897965,2.855794e+07,105,15,-61,1305,16.142,62,11,-33,-256,-1534,3486,637,755,741,663
169898,101.232,5.885884,2.872749e+07,98,10,-60,1305,16.195,71,12,-39,299,-1930,3512,583,857,744,611
230145,100.08,4.345087,2.979954e+07,106,1,-60,1297,16.168,61,-11,-32,-74,-1512,3318,616,774,789,555
129102,101.772,7.745813,3.002969e+07,106,1,-58,1296,16.124,80,3,-33,-156,-1512,3439,591,835,753,546
170806,101.772,5.854595,3.015879e+07,106,1,-61,1296,16.204,75,8,-37,-194,-1563,3554,542,852,776,556
169742,125.712,5.891294,3.03296e+07,110,4,-61,1296,16.124,61,-11,-28,-150,-1529,3498,621,711,816,578
170890,144.036,5.851717,3.049934e+07,94,21,-44,1322,16.133,61,19,-21,-418,-1758,3877,625,837,817,651
379916,161.64,2.632161,3.067023e+07,55,22,-23,1351,16.018,21,9,-11,-330,-1595,4212,657,913,897,704
170766,180.396,5.855967,3.105014e+07,45,-22,-50,1391,15.867,39,-8,-30,-720,-1683,4879,818,1045,892,708
169936,225.792,5.884568,3.122091e+07,43,-25,-55,1406,15.938,38,-4,-30,-537,-1931,4999,824,1085,891,779
180079,231.048,5.553118,3.139085e+07,58,-29,-58,1424,15.769,36,-22,-36,-772,-1994,5081,830,1078,1051,762
170956,233.424,5.849458,3.157092e+07,83,-3,-61,1435,15.831,62,0,-36,-816,-2245,5122,930,1196,919,761
169831,234.72,5.888207,3.174188e+07,105,0,-61,1436,15.858,56,-11,-37,-714,-2588,5062,888,1054,1085,784
169940,235.656,5.88443,3.191171e+07,116,1,-61,1438,15.982,76,-8,-30,-640,-2957,4974,976,1076,971,807
560579,236.304,1.78387,3.208165e+07,109,4,-55,1450,15.876,74,-5,-23,-507,-3354,5166,1024,1126,925,846
209919,234.936,4.763742,3.264223e+07,67,43,-58,1402,15.911,42,31,-35,-83,-3414,4365,875,1033,839,786
171062,234.936,5.845834,3.285215e+07,58,57,-55,1364,15.938,43,34,-34,234,-3103,3598,843,910,787,698
169964,230.58,5.883599,3.302321e+07,8,57,-35,1341,15.929,-3,32,-22,408,-2624,2654,772,804,770,721
560616,231.372,1.783752,3.319318e+07,5,54,-26,1321,16.08,6,34,-11,505,-2362,2166,800,756,652,709
280153,230.904,3.569478,3.375379e+07,1,-10,-1,1450,15.769,-9,-12,-4,38,-1775,3155,931,1000,1038,968
169737,230.904,5.891467,3.403394e+07,1,-17,-1,1501,15.814,-1,-14,-1,-611,-1543,3389,1066,1135,1086,1048
550331,163.62,1.817088,3.420368e+07,1,-15,-3,1593,15.379,5,-4,-2,-966,-1306,4498,1253,1386,1194,1232
261226,149.58,3.828103,3.475401e+07,1,0,-3,1895,14.147,1,-2,-8,-1850,-985,-778,1771,1924,1911,1769
170523,137.052,5.864312,3.501524e+07,0,-7,-3,1897,14.236,2,-8,-5,-2170,-722,599,1769,1916,1895,1811
250124,119.34,3.998017,3.518576e+07,0,-7,-3,1897,14.183,-7,3,18,-2369,-688,-4391,1818,1698,1689,2047
260767,113.508,3.834841,3.543589e+07,0,-13,-3,1897,14.271,2,-5,11,-2645,-408,-5631,1832,1774,1765,2017
169317,105.984,5.906081,3.569665e+07,-1,-23,-3,1897,14.165,7,-7,-1,-3609,-122,5269,1809,1916,1778,1883
560783,100.62,1.783221,3.586597e+07,-1,-3,-3,1897,14.254,7,-4,1,-3528,-1349,-2025,1854,1858,1786,1889
170975,126.864,5.848808,4.462563e+07,-58,-38,0,1328,16.284,-32,-25,-3,-2266,3145,1977,696,670,807,807
179971,145.44,5.556451,4.479661e+07,-60,-40,5,1354,16.239,-35,-28,4,-2389,3018,2585,752,724,841,875
119667,162.144,8.356523,4.497658e+07,-60,-38,10,1361,16.301,-38,-24,1,-2531,2906,2971,725,840,868,797
560274,162.144,1.784841,4.509625e+07,-58,-29,30,1361,16.186,-36,-22,15,-2511,2868,3173,775,820,883,752
170966,208.8,5.849116,4.565652e+07,-51,0,41,1364,16.301,-32,-5,21,-2156,3005,3156,781,722,892,859
169719,222.192,5.892092,4.582749e+07,-48,0,39,1366,16.39,-26,1,16,-2020,2942,3134,770,774,876,849
110417,233.136,9.056576,4.599721e+07,-8,0,36,1366,16.31,-5,-1,18,-1912,2883,3057,742,716,874,936
130205,241.2,7.680197,4.610762e+07,-5,0,32,1345,16.292,-9,2,13,-1771,2580,2677,687,692,843,875
560292,241.2,1.784784,4.623783e+07,-4,3,29,1336,16.248,-7,2,16,-1745,2436,2217,698,643,818,874
169954,250.776,5.883945,4.679812e+07,-16,41,17,1350,16.328,-10,26,7,-1171,1770,1740,682,711,856,901
320299,252.072,3.122083,4.696807e+07,-22,26,1,1379,16.328,-15,15,-5,-1043,1638,2000,739,794,968,871
560733,252.72,1.78338,4.728837e+07,-18,2,0,1420,16.142,-13,7,4,-996,1690,2356,839,874,953,1026
170657,252.864,5.859707,4.784911e+07,-4,4,20,1512,15.956,-1,7,14,-1478,1453,2772,1024,1066,1127,1188
169687,252.036,5.893203,4.801976e+07,-5,3,20,1542,15.991,-2,1,19,-1553,1404,2867,1173,1054,1176,1237
621704,251.172,1.608482,4.818945e+07,-5,1,17,1577,15.698,-8,-6,14,-1578,1185,2982,1172,1084,1325,1338
59365,251.172,16.84494,4.881115e+07,-4,16,0,1844,14.316,4,14,3,-1954,1151,4295,1698,1727,1768,1804
60521,251.172,16.52319,4.887052e+07,-4,19,0,1871,14.369,-6,9,-2,-1969,1163,2875,1715,1728,1936,1833
170139,251.172,5.877547,4.893104e+07,-4,21,0,1901,14.174,-1,15,5,-1809,1328,4683,1822,1787,1902,1921
170278,175.788,5.872749,4.910118e+07,-4,22,0,1929,14.014,-1,15,1,-1442,1286,2741,1826,1840,2022,1960
170307,160.812,5.871749,4.927146e+07,-4,20,0,1929,14.271,2,15,5,-700,691,1624,1868,1877,1938,1968
580347,147.024,1.723107,4.944176e+07,-4,17,0,1929,14.555,-2,11,3,-514,993,2011,1858,1858,2006,1940
171019,135.972,5.847304,5.002211e+07,-4,-14,1,1929,14.174,-4,-9,1,-2519,1252,1286,1806,1835,2007,1998
170068,128.124,5.880001,5.019313e+07,-4,-2,1,1929,14.493,1,1,12,-2654,701,218,1932,1815,1868,2047
170257,122.04,5.873474,5.03632e+07,-4,0,3,1929,14.156,17,6,5,-2523,861,74,1892,1919,1896,1975
660166,118.008,1.514771,5.053346e+07,-4,0,3,1929,14.129,-7,-4,-2,-2157,512,376,1756,1818,2047,1922
170151,114.624,5.877133,5.119362e+07,-4,-13,0,1878,14.369,17,2,1,-2599,1366,-2785,1790,1861,1765,1824
170045,107.964,5.880796,5.136377e+07,-4,-13,0,1776,14.812,-2,-14,3,-2838,857,-1995,1590,1477,1702,1650
170152,103.86,5.877098,5.153382e+07,-4,-13,-1,1674,15.264,0,-4,2,-2989,1235,-1946,1302,1324,1463,1537
169962,100.26,5.883668,5.170397e+07,-5,-13,0,1601,15.495,-3,-12,1,-3274,1658,-2565,1197,1111,1430,1344
190064,103.788,5.261386,5.488734e+07,-68,-33,58,1250,16.248,-45,-20,33,-1526,2595,2074,600,497,557,711
580455,103.788,1.722786,5.50774e+07,-85,-32,77,1242,16.168,-51,-15,41,-1255,2350,2204,594,507,515,691
170603,127.62,5.861562,5.565785e+07,-98,-25,93,1254,16.204,-64,-14,49,-462,1638,2930,616,502,564,720
320460,136.944,3.120514,5.582846e+07,-87,-20,93,1263,16.239,-61,-17,51,-279,1409,3091,660,492,589,735
170889,146.268,5.851752,5.614892e+07,-65,-12,96,1322,16.168,-47,-11,45,-151,1355,3959,678,612,822,826
169944,192.6,5.884291,5.631981e+07,-45,-5,89,1359,16.009,-22,-6,51,-187,1172,4597,838,684,731,975
169624,206.784,5.895392,5.648975e+07,-38,-5,77,1378,16,-26,0,28,-376,1434,4901,775,777,910,893
320550,216.108,3.119638,5.665937e+07,-51,-1,80,1329,16.142,-35,-1,41,-414,1204,4073,735,634,777,829
170540,221.976,5.863727,5.697992e+07,-63,0,77,1312,16.195,-45,1,42,-376,1073,3557,700,634,722,792
169832,231.408,5.888172,5.715046e+07,-64,1,64,1303,16.301,-42,-1,35,-351,1121,3291,703,606,706,765
169883,232.38,5.886404,5.73203e+07,-65,4,55,1303,16.195,-42,6,33,-351,1180,3217,681,601,686,812
341309,233.46,2.929896,5.749018e+07,-65,9,40,1303,16.213,-41,4,19,-367,1076,3127,663,618,736,762
179822,234.072,5.561055,5.783149e+07,-57,8,38,1324,16.133,-35,7,24,-507,1466,3301,751,645,705,848
169728,229.824,5.89178,5.801131e+07,-51,4,35,1330,16.133,-29,3,13,-625,1525,3456,732,705,778,774
169992,219.384,5.88263,5.818104e+07,-50,1,36,1330,16.159,-31,-1,21,-635,1519,3322,762,657,750,820
701282,205.56,1.42596,5.835103e+07,-48,1,36,1330,16.177,-31,-2,14,-637,1609,3123,697,696,805,791
169532,192.888,5.898591,5.905231e+07,-54,-7,49,1312,16.177,-32,-10,27,-894,2028,2469,737,543,727,842
170977,151.344,5.84874,5.922184e+07,-57,-3,51,1310,16.248,-34,-6,31,-908,2213,2432,779,489,709,857
630768,136.908,1.585369,5.939282e+07,-58,0,51,1312,16.213,-34,-2,31,-880,2443,2476,776,524,677,878
169761,126.828,5.890634,6.002359e+07,-58,0,55,1315,16.071,-34,0,32,-659,2843,2573,762,525,664,922
170836,103.5,5.853567,6.019335e+07,-66,0,58,1314,16.177,-43,1,24,-514,2893,2599,682,589,747,843
239423,104.292,4.176708,7.038445e+07,-58,-13,27,1227,16.062,-33,-6,14,-1650,2471,944,484,510,578,619
120747,118.764,8.281779,7.062388e+07,-58,-12,27,1227,16.08,-37,-7,16,-1612,2467,1109,489,471,587,644
169885,118.764,5.886335,7.074462e+07,-58,-12,27,1227,16.097,-32,-9,14,-1633,2417,1173,508,489,592,602
170980,195.516,5.848637,7.091451e+07,-57,-10,27,1227,16.062,-34,-8,14,-1652,2375,1304,516,497,600,577
229452,213.48,4.35821,7.108549e+07,-55,-7,27,1227,16.106,-34,-6,16,-1638,2277,1394,514,501,580,596
180162,224.784,5.55056,7.131494e+07,-54,-7,27,1228,16.08,-38,-4,14,-1544,2201,1573,502,503,586,608
170153,238.248,5.877064,7.14951e+07,-52,-7,33,1240,16.213,-29,-5,19,-1594,2211,1718,576,536,562,622
170855,240.156,5.852916,7.166526e+07,-51,-7,33,1250,16.151,-34,-2,17,-1537,2126,1867,538,554,618,659
570424,242.568,1.753082,7.183611e+07,-51,-7,33,1258,16.08,-32,-5,21,-1550,2103,2078,624,543,579,684
170391,244.764,5.868855,7.240654e+07,-38,-4,10,1304,15.956,-22,-2,1,-1436,2252,2816,690,649,686,763
170668,246.096,5.859329,7.257693e+07,-35,-5,12,1316,15.947,-25,-4,1,-1500,2236,2935,688,659,764,773
169854,246.996,5.887409,7.274759e+07,-4,-17,18,1333,15.973,-3,-8,14,-1458,1753,2999,736,655,721,906
169868,247.032,5.886924,7.291745e+07,-3,-18,23,1357,15.867,-4,-16,7,-1731,2085,3521,740,755,888,820
661601,246.78,1.511485,7.308732e+07,-3,-18,20,1366,15.769,-3,-16,17,-1779,1894,3748,806,703,844,917
170079,246.096,5.879621,7.374892e+07,-38,0,14,1353,15.973,-27,-1,13,-1969,1854,2504,799,613,798,958
179756,228.564,5.563097,7.3919e+07,-36,0,12,1344,15.867,-26,2,8,-1899,1949,2367,728,638,770,948
170200,216.216,5.875441,7.409875e+07,-32,0,10,1330,15.876,-18,-2,1,-1820,2017,1961,699,667,784,838
150426,201.924,6.647787,7.426895e+07,-32,0,13,1324,15.964,-19,-3,8,-1808,1901,1886,716,589,764,870
119440,201.924,8.372405,7.441938e+07,-32,0,16,1310,15.991,-24,-2,12,-1834,1817,1604,666,536,747,885
170010,201.924,5.882007,7.453882e+07,-42,0,16,1296,16.009,-26,-2,10,-1750,1982,1539,656,527,699,828
170891,139.68,5.851683,7.470883e+07,-52,0,30,1266,16.151,-36,-2,17,-1631,2019,1173,576,442,668,799
199268,128.556,5.018367,7.487972e+07,-57,0,39,1242,16.035,-31,3,17,-1548,1948,932,514,538,602,651
120679,119.484,8.286446,7.507899e+07,-65,0,42,1212,16.106,-44,0,23,-1430,2114,704,453,430,578,612
170289,119.484,5.87237,7.519967e+07,-68,0,39,1204,16.115,-44,1,23,-1339,2185,737,436,404,548,623
169754,102.636,5.890877,7.536996e+07,-63,0,32,1177,16.133,-41,1,18,-1197,2072,671,397,382,460,559
